-- phpMyAdmin SQL Dump
-- version 5.1.3
-- https://www.phpmyadmin.net/
--
-- Máy chủ: db
-- Thời gian đã tạo: Th8 19, 2022 lúc 08:36 AM
-- Phiên bản máy phục vụ: 8.0.28
-- Phiên bản PHP: 8.0.15

SET SQL_MODE = "NO_AUTO_VALUE_ON_ZERO";
START TRANSACTION;
SET time_zone = "+00:00";


/*!40101 SET @OLD_CHARACTER_SET_CLIENT=@@CHARACTER_SET_CLIENT */;
/*!40101 SET @OLD_CHARACTER_SET_RESULTS=@@CHARACTER_SET_RESULTS */;
/*!40101 SET @OLD_COLLATION_CONNECTION=@@COLLATION_CONNECTION */;
/*!40101 SET NAMES utf8 */;

--
-- Cơ sở dữ liệu: `projectdemo`
--



-- --------------------------------------------------------

--
-- Cấu trúc bảng cho bảng `comments`
--



CREATE TABLE `comments` (
  `id` bigint NOT NULL,
  `createdAt` datetime NOT NULL,
  `message` text COLLATE utf8_general_ci NOT NULL,
  `id_parent` bigint DEFAULT NULL,
  `id_user_topic` bigint NOT NULL
) ENGINE=InnoDB DEFAULT CHARSET=utf8 COLLATE=utf8_general_ci;

--
-- Đang đổ dữ liệu cho bảng `comments`
--

INSERT INTO `comments` (`id`, `createdAt`, `message`, `id_parent`, `id_user_topic`) VALUES
(498, '2022-08-08 17:43:29', 'quá hay\n', NULL, 25),
(499, '2022-08-08 17:43:44', 'tuyệt vời\n', 498, 25),
(500, '2022-08-08 17:43:56', 'bạn học đến bài mấy rồi\n', 498, 25),
(504, '2022-08-12 14:09:22', 'hehe', NULL, 23),
(505, '2022-08-12 14:09:29', 'haha', 504, 23),
(506, '2022-08-12 14:16:16', 'haha', NULL, 24),
(512, '2022-08-13 21:06:17', '&lt;script&gt;alert(&quot;1&quot;)&lt;/script&gt;', NULL, 24),
(513, '2022-08-13 21:07:58', '&lt;script&gt;window.location.href=&quot;https://www.google.com.vn&quot;&lt;/script&gt;', 506, 24),
(518, '2022-08-16 22:59:48', '&lt;&gt;', NULL, 24);

-- --------------------------------------------------------

--
-- Cấu trúc bảng cho bảng `context`
--

CREATE TABLE `context` (
  `id` bigint NOT NULL,
  `personNumber` int NOT NULL,
  `name` varchar(30) CHARACTER SET utf8 COLLATE utf8_general_ci NOT NULL,
  `gender` enum('MALE','FEMALE') CHARACTER SET utf8 COLLATE utf8_general_ci DEFAULT NULL,
  `enSentence` varchar(200) CHARACTER SET utf8 COLLATE utf8_general_ci NOT NULL,
  `vnSentence` varchar(200) CHARACTER SET utf8 COLLATE utf8_general_ci NOT NULL,
  `isContainKey` tinyint(1) NOT NULL,
  `startTime` int NOT NULL,
  `endTime` int NOT NULL,
  `id_sentence` int NOT NULL
) ENGINE=InnoDB DEFAULT CHARSET=utf8 COLLATE=utf8_general_ci;

--
-- Đang đổ dữ liệu cho bảng `context`
--

INSERT INTO `context` (`id`, `personNumber`, `name`, `gender`, `enSentence`, `vnSentence`, `isContainKey`, `startTime`, `endTime`, `id_sentence`) VALUES
(1, 1, 'Ed', 'MALE', 'How can I call you?', 'Tôi có thể gọi cô là gì đây?', 0, 0, 1891, 1),
(2, 2, 'Sarah', 'FEMALE', '_My name is Sarah Carter_. Nice to meet you.', 'Tên tôi là Sara Carter. Rất hân hạnh được gặp anh.', 1, 1891, 5103, 1),
(3, 1, 'Sarah', 'FEMALE', 'May I know your first name?', 'Cho tôi hỏi tên anh là gì?', 0, 0, 1843, 2),
(4, 2, 'Ed', 'MALE', 'Its Ed. _But you can call me Eddie_.', 'Tên tôi là Ed. Nhưng cô có thể gọi tôi là Eddie.', 1, 1843, 4749, 2),
(5, 1, 'Sarah', 'FEMALE', 'Hi, Ed. _Id like you to meet my friend_. This is Mary.', 'Chào Ed, tôi muốn anh gặp bạn của tôi. Đây là Mary.', 1, 0, 4019, 3),
(6, 2, 'Ed', 'MALE', 'Hello Mary. Nice to meet you.', 'Chào Mary, rất hân hạnh được gặp cô.', 0, 4019, 6712, 3),
(7, 3, 'Mary', 'FEMALE', 'Nice to meet you, too.', 'Tôi cũng hân hạnh được biết anh.', 0, 6712, 9591, 3),
(8, 1, 'Sarah', 'FEMALE', 'Are you Ed? _Do you remember me_? Im Sara!', 'Ed phải không? Cậu còn nhớ mình không? Mình là Sara này!', 1, 0, 2926, 4),
(9, 2, 'Ed', 'MALE', 'Oh Sara! Its been a long time, isnt it?', 'Ôi Sara! Lâu rồi mình không gặp nhỉ?', 0, 2926, 6634, 4),
(10, 1, 'Sarah', 'FEMALE', 'Let me introduce you. This is my colleague, Ed.', 'Để mình giới thiệu nhé. Đây là đồng nghiệp của mình, anh Ed.', 0, 0, 3396, 5),
(11, 2, 'Ed', 'MALE', 'Hello, Ed. Im glad to meet you. _Ive heard great things about you._', 'Chào anh Ed, rất hân hạnh được gặp anh. Tôi đã được nghe nói nhiều về anh.', 1, 3396, 8695, 5),
(12, 1, 'Sarah', 'FEMALE', '_How many people are there in your family_?', 'Gia đình bạn có bao nhiêu thành viên?', 1, 0, 2243, 6),
(13, 2, 'Will', 'MALE', 'Four people. My parents, my older sister and me.', 'Bốn người. Bố mẹ tôi, chị gái và tôi.', 0, 2243, 6719, 6),
(14, 1, 'Will', 'MALE', '_Do you have any brothers or sisters_?', 'Bạn có anh chị em gì không?', 1, 0, 2180, 7),
(15, 2, 'Sarah', 'FEMALE', 'No brothers. I wish I did. But Ive got three sisters.', 'Tôi không có anh em trai, phải mà có nhỉ. Nhưng tôi có đến ba chị em gái lận.', 0, 2180, 6509, 7),
(16, 1, 'Ed', 'MALE', 'Tell me about your family, Rosie.', 'Cô kể tôi nghe về gia đình mình đi Rosie.', 0, 0, 2681, 8),
(17, 2, 'Rosie', 'FEMALE', '_I come from a big family_. Ive got two brothers, both of them younger than me.', 'Tôi xuất thân từ một đại gia đình. Tôi có đến hai đứa em trai.', 1, 2681, 8044, 8),
(18, 1, 'Ed', 'MALE', 'Do you come from a big family, Tina?', 'Cậu xuất thân từ một đại gia đình phải không Tina?', 0, 0, 2591, 9),
(19, 2, 'Tina', 'FEMALE', 'No. _I am the only child_. Its just me and my parents.', 'Không. Tớ là con một. Trong nhà chỉ có mỗi tớ với bố mẹ thôi.', 1, 2591, 7021, 9),
(20, 1, 'Emma', 'FEMALE', 'How many people are there in your family?', 'Gia đình bạn có bao nhiêu thành viên?', 0, 0, 2242, 10),
(21, 2, 'Ed', 'MALE', '_There are three members in my family_. Only my parents and me.', 'Nhà tôi có tổng cộng ba thành viên. Chỉ có bố mẹ với tôi thôi.', 1, 2242, 5900, 10),
(22, 1, 'Sarah', 'FEMALE', 'Long time no see. _Where are you working now_?', 'Lâu rồi không gặp. Bây giờ bạn đang làm ở đâu?', 1, 0, 2697, 11),
(23, 2, 'Will', 'MALE', 'I just started as a chef in an Italian restaurant.', 'Tôi vừa mới vào làm đầu bếp tại một nhà hàng món Ý.', 0, 2697, 5699, 11),
(24, 1, 'Sarah', 'FEMALE', '_Are you still at school_?', 'Bạn vẫn còn đi học phải không?', 1, 0, 1444, 12),
(25, 2, 'Ed', 'MALE', 'No, I graduated from college last month.', 'Không, tháng trước tôi đã tốt nghiệp rồi.', 0, 1444, 4771, 12),
(26, 1, 'Sarah', 'FEMALE', 'Congratulations! And what are you doing now?', 'Chúc mừng nhé! Vậy giờ bạn đang làm gì?', 0, 4771, 8720, 12),
(27, 1, 'Ed', 'MALE', 'What do you do, Lisa?', 'Cô Lisa làm nghề gì nhỉ?', 0, 0, 2123, 13),
(28, 2, 'Lisa', 'FEMALE', 'Me? Im a lawyer.', 'Tôi hả? Tôi là luật sư.', 0, 2123, 4500, 13),
(29, 1, 'Ed', 'MALE', '_How long have you been doing this job_?', 'Cô làm công việc này được bao lâu rồi?', 1, 4500, 7000, 13),
(30, 2, 'Lisa', 'FEMALE', 'For about five years.', 'Cũng được 5 năm rồi.', 0, 7000, 10000, 13),
(31, 1, 'Sarah', 'FEMALE', '_Do you work in an office_?', 'Anh làm việc văn phòng phải không?', 1, 0, 1504, 14),
(32, 2, 'Ed', 'MALE', 'Not anymore. Now Im an English teacher.', 'Hết rồi, giờ tôi chuyển sang làm giáo viên tiếng Anh rồi.', 0, 1504, 5067, 14),
(33, 1, 'Sarah', 'FEMALE', '_How do you like your job_?', 'Anh có thích công việc của mình không?', 1, 0, 1479, 15),
(34, 2, 'Adam', 'MALE', 'Well, it was okay at first. But now, after two years, I dont like it.', 'Nói sao nhỉ, ban đầu thì ổn. Nhưng giờ sau hai năm thì tôi không còn thích công việc này nữa.', 0, 1479, 7614, 15),
(35, 1, 'Shop assistant', 'MALE', 'Do you like this blouse?', 'Chị có thích cái áo này không ạ?', 0, 0, 2155, 16),
(36, 2, 'Sarah', 'FEMALE', 'Well, I think its a little too big. _I would like a smaller size_.', 'Thật ra cái này hơi to. Tôi muốn lấy mẫu này nhưng cỡ nhỏ hơn.', 1, 2155, 6514, 16),
(37, 1, 'Shop assistant', 'FEMALE', 'How are the pants, sir?', 'Anh thấy cái quần này thế nào ạ?', 0, 0, 1971, 17),
(38, 2, 'Ed', 'MALE', 'I think theyre too short. _Can you get me a longer pair_?', 'Tôi thấy cái quần này ngắn quá. Cô lấy giúp tôi cái dài hơn được không?', 1, 1971, 5517, 17),
(39, 1, 'Shop assistant', 'FEMALE', 'Are those jeans all right?', 'Cái quần jean này anh mặc được không ạ?', 0, 0, 1648, 18),
(40, 2, 'Will', 'MALE', '_Im afraid theyre too big for me_.', 'Tôi e là cái này tôi mặc bị rộng.', 1, 1648, 4025, 18),
(41, 1, 'Shop assistant', 'FEMALE', 'Okay, then lets find a smaller pair.', 'Vâng, vậy để em lấy cho anh cái nhỏ hơn nhé.', 0, 4025, 7573, 18),
(42, 1, 'Shop assistant', 'MALE', 'How does the T-shirt fit? Is it too tight?', 'Cái áo thun này có vừa không ạ? Hay chị thấy bị chật?', 0, 0, 3659, 19),
(43, 2, 'Lisa', 'FEMALE', 'Yes. _Do you have a looser one_?', 'Vâng. Anh có cái này cỡ lớn hơn không?', 1, 3659, 6797, 19),
(44, 1, 'Shop assistant', 'MALE', 'How do you like this ring?', 'Chị thấy cái nhẫn này thế nào ạ?', 0, 0, 1911, 20),
(45, 2, 'Sarah', 'FEMALE', '_This doesnt fit_. Can I see a bigger one?', 'Cái này tôi đeo không vừa. Cho tôi xem cái lớn hơn được không?', 1, 1911, 5469, 20);

-- --------------------------------------------------------

--
-- Cấu trúc bảng cho bảng `course`
--

CREATE TABLE `course` (
  `id` int NOT NULL,
  `title` varchar(60) NOT NULL,
  `description` varchar(500) NOT NULL,
  `content` varchar(600) DEFAULT NULL,
  `targetLearner` varchar(600) DEFAULT NULL,
  `goal` varchar(600) DEFAULT NULL,
  `status` enum('PRIVATE','PUBLIC') NOT NULL,
  `thumbnail` text CHARACTER SET utf8 COLLATE utf8_general_ci,
  `id_group` int NOT NULL,
  `id_category` int NOT NULL
) ENGINE=InnoDB DEFAULT CHARSET=utf8 COLLATE=utf8_general_ci;

--
-- Đang đổ dữ liệu cho bảng `course`
--

INSERT INTO `course` (`id`, `title`, `description`, `content`, `targetLearner`, `goal`, `status`, `thumbnail`, `id_group`, `id_category`) VALUES
(1, 'Lets go', 'LETS GO là sản phẩm đầu tay của hệ thống học từ vựng VOCABULARY.VN, gồm 7 chủ đề từ vựng tiếng Anh thông dụng được thể hiện qua hình thức Flashcards thông minh hỗ trợ nhớ từ dễ dàng và sâu sắc.', 'Bao gồm 140 từ vựng thuộc 7 chủ đề thông dụng và gần gũi nhất._Khóa học miễn phí cho bạn trải nghiệm cách học từ vựng thông minh cùng VOCA.', 'Bạn mới bắt đầu học tiếng Anh._Bạn học muốn bổ sung vốn từ vựng giao tiếp thông dụng._Bạn học muốn tìm một phương pháp ghi nhớ từ vựng hiệu quả và nhanh chóng.', 'Giúp bạn làm quen với cách học từ vựng thông minh cùng VOCA._Giúp bạn tăng khả năng giao tiếp và diễn đạt tiếng Anh trong một số tình huống thông dụng.', 'PUBLIC', '/asset/img/course_thumb/let-go.jpg', 1, 1),
(2, 'English Words For Starter (A0)', 'Khoá học English Words For Starters bao gồm 400 từ vựng tiếng Anh căn bản được sắp xếp theo chủ đề, khóa học phù hợp cho người mới bắt đầu học tiếng Anh hoặc trình độ A0. ', 'Cung cấp 400 từ vựng cơ bản theo chủ đề._Khóa học đầu tiên trong dòng 6 sản phẩm CEFR (Chứng chỉ châu Âu)._Được xây dựng dựa trên giáo trình Work On Your Vocabulary của NXB Collins.', 'Bạn học tiếng Anh theo lộ trình từ căn bản đến nâng cao, trình độ mới bắt đầu hoặc mất căn bản._Bạn học muốn xây dựng vốn từ vựng nhưng chưa biết bắt đầu từ đâu._Học sinh, sinh viên muốn cải thiện điểm số tiếng Anh hoặc đáp ứng điều kiện đầu ra của nhà trường.', 'Giúp bạn xây dựng vốn từ vựng căn bản với 24 chủ đề thông dụng._Rút ngắn 1/4 thời gian học, tạo nền tảng tiếng Anh chỉ trong 15 ngày._Giúp bạn làm quen với từ vựng tiếng Anh theo cách thú vị và dễ dàng nhất.', 'PUBLIC', '/asset/img/course_thumb/english-words-for-starter.jpg', 2, 1),
(3, 'English Words For Elementary (A1)', 'Bộ từ Work On Your VOCABULARYbulary (CEF Level A1) bao gồm 500 từ vựng tiếng Anh dành cho các bạn mới bắt đầu luyện thi chứng chỉ CEFR (Tiếng Anh theo chuẩn Châu Âu), phù hợp cho các bạn ở trình độ Elementary (Sơ cấp).', 'Cung cấp 500 từ vựng sơ cấp theo chủ đề._Khóa học thứ 2 trong dòng 6 sản phẩm CEFR (Chứng chỉ châu Âu)._Được xây dựng dựa trên giáo trình Work On Your Vocabulary của NXB Collins.', 'Bạn học tiếng Anh theo lộ trình từ căn bản đến nâng cao, trình độ cơ bản._Học sinh, sinh viên muốn cải thiện điểm số tiếng Anh hoặc đáp ứng điều kiện đầu ra của nhà trường._Người đi làm cần cải thiện khả năng Anh ngữ để ứng tuyển, phục vụ công việc hoặc thăng tiến.', 'Giúp bạn tăng vốn từ vựng với 29 chủ đề thông dụng._Tạo nền tảng cho bạn phát triển bốn kỹ năng ở trình độ sơ cấp._Cho bạn tấm “hộ chiếu” chuẩn bị cho các mục tiêu thi cử, lấy chứng chỉ quốc tế hoặc du học.', 'PUBLIC', '/asset/img/course_thumb/english-words-for-elementary.jpg', 2, 1),
(4, 'English Words For Pre Intermediate (A2)', 'Bộ từ Work On Your VOCABULARYbulary (CEF Level A2) bao gồm 520 từ vựng tiếng Anh dành cho các bạn mới bắt đầu luyện thi chứng chỉ CEFR (Tiếng Anh theo chuẩn Châu Âu), phù hợp cho các bạn ở trình độ Pre-intermediate (sơ trung cấp). ', 'Cung cấp 520 từ vựng sơ trung cấp theo chủ đề._Khóa học thứ 3 trong dòng 6 sản phẩm CEFR (Chứng chỉ châu Âu)._Được xây dựng dựa trên giáo trình Work On Your Vocabulary của NXB Collins.', 'Bạn học tiếng Anh theo lộ trình từ căn bản đến nâng cao, trình độ sơ cấp._Học sinh, sinh viên muốn cải thiện điểm số tiếng Anh hoặc đáp ứng điều kiện đầu ra của nhà trường._Người đi làm cần cải thiện khả năng Anh ngữ để ứng tuyển, phục vụ công việc hoặc thăng tiến.', 'Giúp bạn tăng vốn từ vựng với 29 chủ đề thông dụng._Tạo nền tảng cho bạn phát triển bốn kỹ năng ở trình độ sơ trung cấp._Cho bạn tấm “hộ chiếu” chuẩn bị cho các mục tiêu thi cử, lấy chứng chỉ quốc tế hoặc du học.', 'PUBLIC', '/asset/img/course_thumb/english-words-for-pre-intermediate.jpg', 2, 1),
(5, 'English Words For Intermediate (B1)', 'Bộ từ Work On Your VOCABULARYbulary (CEF B1 Intermediate) bao gồm 560 từ vựng tiếng Anh dành cho các bạn mới bắt đầu luyện thi chứng chỉ CEFR (Tiếng Anh theo chuẩn Châu Âu), phù hợp cho các bạn ở trình độ Trung cấp.', 'Cung cấp 550 từ vựng trung cấp theo chủ đề._Khóa học thứ 4 trong dòng 6 sản phẩm CEFR (Chứng chỉ châu Âu)._Được xây dựng dựa trên giáo trình Work On Your Vocabulary của NXB Collins.', 'Bạn học tiếng Anh theo lộ trình từ căn bản đến nâng cao, trình độ sơ trung cấp._Học sinh, sinh viên muốn cải thiện điểm số tiếng Anh hoặc đáp ứng điều kiện đầu ra của nhà trường._Người đi làm cần cải thiện khả năng Anh ngữ để ứng tuyển, phục vụ công việc hoặc thăng tiến.', 'Giúp bạn tăng vốn từ vựng với 30 chủ đề thông dụng._Tạo nền tảng cho bạn phát triển bốn kỹ năng ở trình độ trung cấp._Cho bạn tấm “hộ chiếu” chuẩn bị cho các mục tiêu thi cử, lấy chứng chỉ quốc tế hoặc du học.', 'PUBLIC', '/asset/img/course_thumb/english-words-for-intermediate.jpg', 2, 1),
(6, 'English Words For Upper Intermediate (B2)', 'Bộ từ Work On Your VOCABULARYbulary (CEF B2 Upper-Intermediate) bao gồm 560 từ vựng tiếng Anh dành cho các bạn mới bắt đầu luyện thi chứng chỉ CEFR (Tiếng Anh theo chuẩn Châu Âu), phù hợp cho các bạn ở trình độ cao trung cấp. ', 'Cung cấp 500 từ vựng cao trung cấp theo chủ đề._Khóa học thứ 5 trong dòng 6 sản phẩm CEFR (Chứng chỉ châu Âu)._Được xây dựng dựa trên giáo trình Work On Your Vocabulary của NXB Collins.', 'Bạn học tiếng Anh theo lộ trình từ căn bản đến nâng cao, trình độ trung cấp._Học sinh, sinh viên muốn cải thiện điểm số tiếng Anh hoặc đáp ứng điều kiện đầu ra của nhà trường._Người đi làm cần cải thiện khả năng Anh ngữ để ứng tuyển, phục vụ công việc hoặc thăng tiến.', 'Giúp bạn tăng vốn từ vựng với 28 chủ đề thông dụng._Tạo nền tảng cho bạn phát triển bốn kỹ năng ở trình độ trung cấp._Cho bạn tấm “hộ chiếu” chuẩn bị cho các mục tiêu thi cử, lấy chứng chỉ quốc tế hoặc du học.', 'PUBLIC', '/asset/img/course_thumb/english-words-for-upper-intermediate.jpg', 2, 1),
(7, 'English Words For Advanced (C1+2)', 'Bộ từ Work On Your VOCABULARYbulary (CEF C1 Advanced) bao gồm 540 từ vựng tiếng Anh dành cho các bạn mới bắt đầu luyện thi chứng chỉ CEFR (Tiếng Anh theo chuẩn Châu Âu), phù hợp cho các bạn ở trình độ Cao cấp. ', 'Cung cấp 500 từ vựng cao trung cấp theo chủ đề._Khóa học thứ 6 trong dòng 6 sản phẩm CEFR (Chứng chỉ châu Âu)._Được xây dựng dựa trên giáo trình Work On Your Vocabulary của NXB Collins.', 'Bạn học tiếng Anh theo lộ trình từ căn bản đến nâng cao, trình độ trung cấp._Học sinh, sinh viên muốn cải thiện điểm số tiếng Anh hoặc đáp ứng điều kiện đầu ra của nhà trường._Người đi làm cần cải thiện khả năng Anh ngữ để ứng tuyển, phục vụ công việc hoặc thăng tiến.', 'Giúp bạn tăng vốn từ vựng với 28 chủ đề thông dụng._Tạo nền tảng cho bạn phát triển bốn kỹ năng ở trình độ trung cấp._Cho bạn tấm “hộ chiếu” chuẩn bị cho các mục tiêu thi cử, lấy chứng chỉ quốc tế hoặc du học.', 'PUBLIC', '/asset/img/course_thumb/english-words-for-advanced.jpg', 2, 1),
(8, '3000 SMART WORDS', 'Bao gồm 3000 từ vựng tiếng Anh thông dụng nhất trong giao tiếp. Bộ từ nhắm đến đối tượng những người học tiếng Anh giao tiếp, người mới bắt đầu học tiếng Anh hoặc người mất căn bản. ', 'Cung cấp 3.000 từ vựng thông dụng nhất trong giao tiếp với 150 chủ đề._Giúp bạn ghi nhớ từ vựng hiệu quả thông qua phương pháp flashcard cùng hình ảnh – âm thanh sinh động.', 'Bạn học muốn xây dựng vốn từ vựng nhưng chưa biết bắt đầu từ đâu._Bạn học muốn cải thiện vốn từ vựng để giao tiếp hiệu quả trong đời sống hằng ngày._Bạn học muốn tìm một phương pháp ghi nhớ từ vựng hiệu quả và nhanh chóng.', 'Giúp bạn hiểu rõ 95% mọi ngữ cảnh của tiếng Anh trong cuộc sống._Giúp bạn tăng khả năng giao tiếp và diễn đạt bằng tiếng Anh trong đa dạng các tình huống._Giúp bạn rút ngắn thời gian học tối ưu chỉ với 1/4 thời gian so với những cách học thông thường.', 'PUBLIC', '/asset/img/course_thumb/3000-smart-words.jpg', 3, 1),
(9, '1000 ESSENTIAL WORDS in STORIES (Beginner)', '1000 Essential Words in Stories (Beginner) với 60 chủ đề, cung cấp gần 1200 từ vựng tiếng Anh thông dụng trong giao tiếp. Bộ sản phẩm nhắm đến đối tượng mới bắt đầu học tiếng Anh.  ', 'Cung cấp hơn 1.000 từ vựng giao tiếp thông dụng, trình độ sơ cấp._60 chủ đề là những câu chuyện thú vị, dễ nhớ._Là khóa học đầu tiên thuộc dòng sản phẩm dựa trên giáo trình của chuyên gia ngôn ngữ ứng dụng Paul Nation.', 'Bạn học muốn xây dựng vốn từ vựng nhưng chưa biết bắt đầu từ đâu._Bạn học muốn cải thiện vốn từ vựng để giao tiếp hiệu quả trong đời sống hằng ngày._Bạn học muốn tìm một phương pháp ghi nhớ từ vựng hiệu quả và thú vị.', 'Giúp bạn hiểu rõ 95% mọi ngữ cảnh của tiếng Anh trong cuộc sống._Giúp bạn tăng khả năng giao tiếp và diễn đạt bằng tiếng Anh trong đa dạng các tình huống._Đồng thời giúp bạn phát triển kỹ năng đọc và nghe hiệu quả. ', 'PUBLIC', '/asset/img/course_thumb/1000-essential-words-in-stories-beginer-avatar.jpg', 3, 1),
(10, '1000 ESSENTIAL WORDS in STORIES (Improver)', '1000 Essential Words in Stories (Improver) với 60 chủ đề, cung cấp hơn 1100 từ vựng tiếng Anh thông dụng trong giao tiếp. Bộ sản phẩm nhắm đến đối tượng có trình độ học trung cấp trở lên.  ', 'Cung cấp hơn 1.000 từ vựng giao tiếp thông dụng, trình độ trung cấp._60 chủ đề là những câu chuyện thú vị, dễ nhớ._Là khóa học thứ 2 thuộc dòng sản phẩm dựa trên giáo trình của chuyên gia ngôn ngữ ứng dụng Paul Nation.', 'Bạn học muốn xây dựng vốn từ vựng nhưng chưa biết bắt đầu từ đâu._Bạn học muốn cải thiện vốn từ vựng để giao tiếp hiệu quả trong đời sống hằng ngày._Bạn học muốn tìm một phương pháp ghi nhớ từ vựng hiệu quả và thú vị.', 'Giúp bạn hiểu rõ 95% mọi ngữ cảnh của tiếng Anh trong cuộc sống._Giúp bạn tăng khả năng giao tiếp và diễn đạt bằng tiếng Anh trong đa dạng các tình huống._Đồng thời giúp bạn phát triển kỹ năng đọc và nghe hiệu quả. ', 'PUBLIC', '/asset/img/course_thumb/1000-essential-words-in-stories-improver-avatar.jpg', 3, 1),
(11, '1000 ESSENTIAL WORDS in STORIES (Advanced)', '1000 Essential Words in Stories (Advanced) với 60 chủ đề, cung cấp hơn 1100 từ vựng tiếng Anh thông dụng trong giao tiếp. Bộ sản phẩm nhắm đến đối tượng học tiếng Anh nâng cao.  ', 'Cung cấp hơn 1.000 từ vựng giao tiếp thông dụng, trình độ nâng cao._60 chủ đề là những câu chuyện thú vị, dễ nhớ._Là khóa học thứ 3 thuộc dòng sản phẩm dựa trên giáo trình của chuyên gia ngôn ngữ ứng dụng Paul Nation.', 'Bạn học muốn xây dựng vốn từ vựng nhưng chưa biết bắt đầu từ đâu._Bạn học muốn cải thiện vốn từ vựng để giao tiếp hiệu quả trong đời sống hằng ngày._Bạn học muốn tìm một phương pháp ghi nhớ từ vựng hiệu quả và thú vị.', 'Giúp bạn hiểu rõ 95% mọi ngữ cảnh của tiếng Anh trong cuộc sống._Giúp bạn tăng khả năng giao tiếp và diễn đạt bằng tiếng Anh trong đa dạng các tình huống._Đồng thời giúp bạn phát triển kỹ năng đọc và nghe hiệu quả. ', 'PUBLIC', '/asset/img/course_thumb/1000-essential-words-in-stories-advanced-avatar.jpg', 3, 1),
(12, 'EFFORTLESS ENGLISH', 'Với 3000 từ vựng, cụm từ, thành ngữ tiếng Anh thường gặp nhất trong giao tiếp, được xây dựng dựa trên giáo trình Effortless English của Tiến sỹ AJ Hoge, sẽ giúp bạn củng cố vốn từ giao tiếp một cách nhanh chóng và hữu dụng nhất. ', 'Cung cấp 3.000 từ vựng giao tiếp thông dụng._Xây dựng dựa trên giáo trình Effortless English (Luyện nói tiếng Anh như người Bản ngữ) của tác giả AJ Hoge._Học từ vựng thông qua những câu chuyện thú vị và bài học bổ ích.', 'Bạn học muốn cải thiện vốn từ vựng để giao tiếp hiệu quả trong đời sống hằng ngày._Bạn học muốn tìm một phương pháp học từ vựng thú vị qua những câu chuyện._Bạn học đang tìm kiếm hoặc theo phương pháp học tiếng Anh tự nhiên như người bản xứ.', 'Giúp bạn tăng vốn từ vựng qua 187 câu chuyện và bài học ý nghĩa._Đồng thời giúp bạn phát triển kỹ năng đọc và nghe qua câu chuyện._Giúp bạn tăng khả năng giao tiếp và diễn đạt bằng tiếng Anh trong đa dạng các tình huống.', 'PUBLIC', '/asset/img/course_thumb/Effortless English-04-1-1516866198.jpg', 3, 1),
(13, 'POWER ENGLISH', 'Giúp bạn thuộc nằm lòng 1200 từ vựng, cụm từ và thành ngữ quan trọng nhất của giáo trình Power Effortless English của tiến sĩ AJ Hoge trong vòng 30 ngày. ', 'Cung cấp 1.200 từ vựng tiếng Anh thông dụng theo chủ đề._Thuộc dòng sản phẩm dựa trên giáo trình Effortless English (Luyện nói tiếng Anh như người Bản ngữ) của tác giả AJ Hoge._Học từ vựng thông qua những bài học tạo động lực và tư duy tích cực.', 'Bạn học muốn cải thiện vốn từ vựng để giao tiếp hiệu quả trong đời sống hằng ngày._Bạn học muốn tìm một phương pháp học từ vựng thú vị qua những câu chuyện._Bạn học đang tìm kiếm hoặc theo phương pháp học tiếng Anh tự nhiên như người bản xứ.', 'Giúp bạn tăng vốn từ vựng qua 60 bài học truyền cảm hứng._Đồng thời giúp bạn phát triển kỹ năng đọc và nghe qua câu chuyện._Giúp bạn tăng khả năng giao tiếp và diễn đạt bằng tiếng Anh trong đa dạng các tình huống.', 'PUBLIC', '/asset/img/course_thumb/power-english-1515085618.jpg', 3, 1),
(14, 'LEARN REAL ENGLISH', 'Effortless English II với hơn 750 từ, cụm từ, thành ngữ thường xuyên xuất hiện trong giao tiếp hàng ngày của người Mỹ, thuộc giáo trình Learn Real English của tiến sĩ AJ Hoge. ', 'Cung cấp 1.200 từ vựng tiếng Anh thông dụng theo chủ đề._Thuộc dòng sản phẩm dựa trên giáo trình Effortless English (Luyện nói tiếng Anh như người Bản ngữ) của tác giả AJ Hoge._Học từ vựng thông qua những bài học tạo động lực và tư duy tích cực.', 'Bạn học muốn cải thiện vốn từ vựng để giao tiếp hiệu quả trong đời sống hằng ngày._Bạn học muốn tìm một phương pháp học từ vựng thú vị qua những câu chuyện._Bạn học đang tìm kiếm hoặc theo phương pháp học tiếng Anh tự nhiên như người bản xứ.', 'Giúp bạn tăng vốn từ vựng qua 60 bài học truyền cảm hứng._Đồng thời giúp bạn phát triển kỹ năng đọc và nghe qua câu chuyện._Giúp bạn tăng khả năng giao tiếp và diễn đạt bằng tiếng Anh trong đa dạng các tình huống.', 'PUBLIC', '/asset/img/course_thumb/learn-real-english-1515124742.jpg', 3, 1),
(15, 'VOCABULARY for VOA Special English', 'VOCABULARY for VOA Special English bao gồm 50 chủ đề tương ứng với 50 bản tin VOA ở 5 lĩnh vực nổi bật: Nông nghiệp, Kinh tế, Giáo dục, Sức khỏe, Công nghệ. Cung cấp cho người học gần 900 từ khóa với cách học sinh động, thú vị.  ', 'Cung cấp 900 từ vựng tiếng Anh thông dụng theo chủ đề._Được xây dựng dựa trên chương trình VOA Special English của Đài Tiếng nói Hoa Kỳ._Học từ vựng thông qua các bản tin thời sự thực tế.', 'Bạn học tiếng Anh đã lâu, đọc hiểu tốt nhưng không Nghe - Nói được._Bạn học muốn cải thiện vốn từ vựng kết hợp luyện nghe giao tiếp._Bạn học đang tìm kiếm một giáo trình thực tế với kiến thức phải thông dụng.', 'Giúp bạn tăng vốn từ vựng qua 50 bản tin cùng 5 lĩnh vực chủ đề kinh tế, giáo dục, chính trị, công nghệ, nông nghiệp._Đồng thời giúp bạn phát triển kỹ năng đọc và nghe hiệu quả._Giúp bạn tăng khả năng giao tiếp và diễn đạt bằng tiếng Anh trong các tình huống thực tiễn.', 'PUBLIC', '/asset/img/course_thumb/voa-xanh.jpg', 3, 1),
(16, 'VOCABULARY FOR ENGLISH AT WORK', 'Bao gồm 1200 từ vựng tiếng Anh chia làm 67 chủ đề tương ứng với 67 tình huống tiếng Anh được VOCABULARY thiết kế dành riêng cho các Anh/Chị đang làm việc tại văn phòng.  ', 'Cung cấp 900 từ vựng tiếng Anh thông dụng theo chủ đề._Được xây dựng dựa trên chương trình VOA Special English của Đài Tiếng nói Hoa Kỳ._Học từ vựng thông qua các bản tin thời sự thực tế.', 'Bạn học tiếng Anh đã lâu, đọc hiểu tốt nhưng không Nghe - Nói được._Bạn học muốn cải thiện vốn từ vựng kết hợp luyện nghe giao tiếp._Bạn học đang tìm kiếm một giáo trình thực tế với kiến thức phải thông dụng.', 'Giúp bạn tăng vốn từ vựng qua 50 bản tin cùng 5 lĩnh vực chủ đề kinh tế, giáo dục, chính trị, công nghệ, nông nghiệp._Đồng thời giúp bạn phát triển kỹ năng đọc và nghe hiệu quả._Giúp bạn tăng khả năng giao tiếp và diễn đạt bằng tiếng Anh trong các tình huống thực tiễn.', 'PUBLIC', '/asset/img/course_thumb/english-at-work-1540885524.jpg', 3, 1),
(17, 'VOCABULARY FOR TOEIC (NEW)', 'VOCABULARY for TOEIC bao gồm 1100 từ vựng thông dụng nhất trong kỳ thi TOEIC, được chọn lọc và soạn thảo kĩ càng từ các nguồn uy tín, giúp người học nhớ từ vựng sâu sắc, hiệu quả và dễ dàng chinh phục mục tiêu TOEIC đề ra trong thời gian ngắn. ', 'Cung cấp 1.100 từ vựng tiếng Anh thông dụng._Bao gồm 55 chủ đề thường gặp nhất trong bài thi TOEIC._Được xây dựng kết hợp nhiều giáo trình nổi tiếng như Target TOEIC, Economy TOEIC,…', 'Bạn học đang luyện thi chứng chỉ tiếng Anh TOEIC._Bạn học muốn phát triển tiếng Anh giao tiếp ở các lĩnh vực kinh tế, tài chính và văn phòng._Người đi làm cần cải thiện khả năng Anh ngữ để ứng tuyển, phục vụ công việc hoặc thăng tiến.', 'Giúp bạn tăng trung bình 25% - 35% điểm thi hiện tại và đạt kết quả tốt trong kỳ thi TOEIC._Giúp bạn cải thiện khả năng giao tiếp và diễn đạt bằng tiếng Anh._Giúp bạn rút ngắn thời gian học tối ưu chỉ với 1/4 thời gian so với những cách học thông thường.', 'PUBLIC', '/asset/img/course_thumb/toeic.jpg', 4, 1),
(18, 'VOCABULARY for TOEFL (NEW)', 'VOCABULARY for TOEFL (NEW) bao gồm 1000 từ vựng thông dụng nhất trong kỳ thi TOEFL được chọn lọc và soạn thảo kĩ càng từ các nguồn uy tín (Cambrigde, Collins, Oxford,..), giúp người học dễ dàng chinh phục mục tiêu chỉ trong một thời gian ngắn.  ', 'Cung cấp 1.000 từ vựng tiếng Anh thông dụng._Bao gồm 50 chủ đề thường gặp nhất trong bài thi TOEFL._Kết hợp các nguồn tài liệu uy tín từ Cambridge, Collins, Oxford,… ', 'Bạn học mong muốn tham gia kỳ thi chứng chỉ TOEFL._Bạn học luyện thi TOEFL đã lâu nhưng vẫn chưa đạt mục tiêu mong muốn._Bạn học muốn xây dựng vốn từ vựng tiếng Anh học thuật.  ', 'Giúp bạn tăng điểm số và đạt kết quả tốt trong kỳ thi TOEFL._Giúp bạn rút ngắn thời gian học tối ưu chỉ với 1/4 thời gian so với những cách học thông thường.', 'PUBLIC', '/asset/img/course_thumb/toefl.jpg', 4, 1),
(19, 'VOCABULARY for IELTS', 'VOCABULARY for IELTS bao gồm 1000 từ vựng thông dụng nhất trong kỳ thi IELTS được chọn lọc và soạn thảo kĩ càng từ các nguồn uy tín (Cambrigde, Collins, Oxford,..), giúp người học dễ dàng chinh phục mục tiêu chỉ trong một thời gian ngắn.  ', 'Cung cấp 2.000 từ vựng tiếng Anh thông dụng._Bao gồm 50 chủ đề thường gặp nhất trong bài thi IELTS._Kết hợp các nguồn tài liệu uy tín từ Cambridge, Collins, Oxford,… ', 'Bạn học mong muốn tham gia kỳ thi chứng chỉ IELTS._Bạn học luyện thi IELTS đã lâu nhưng khó lên band và đạt mục tiêu mong muốn._Bạn học muốn xây dựng vốn từ vựng tiếng Anh học thuật.  ', 'Giúp bạn tăng band điểm trung bình và đạt kết quả tốt trong kỳ thi IELTS._Giúp bạn rút ngắn thời gian học tối ưu chỉ với 1/4 thời gian so với những cách học thông thường.', 'PUBLIC', '/asset/img/course_thumb/ielts.jpg', 4, 1),
(20, 'KEY WORDS FOR IELTS (Starter)', 'Bộ Key Words For IELTS (Starter) gồm 900 từ vựng tiếng Anh thường gặp nhất trong bài thi IELTS, phù hợp cho đối tượng cho trình độ tiếng Anh từ Sơ cấp trở lên, với mục tiêu IELTS từ 4.0 đến 5.5 điểm. ', 'Cung cấp 900 từ vựng tiếng Anh cơ bản thường gặp trong bài thi IELTS._Là khóa học đầu tiên thuộc dòng sản phẩm Key Words for IELTS của NXB Collins COBUILD.', 'Bạn học mong muốn tham gia kỳ thi chứng chỉ IELTS nhưng chưa biết bắt đầu từ đâu._Bạn học luyện thi IELTS đã lâu nhưng khó lên band và cần lấy lại căn bản._Bạn học muốn xây dựng vốn từ vựng tiếng Anh học thuật. ', 'Giúp bạn xây dựng nhanh vốn từ vựng cơ bản, từ band 4.0 đến 5.5+._Giúp bạn tăng band điểm trung bình và đạt kết quả tốt trong kỳ thi IELTS._Giúp bạn rút ngắn thời gian học tối ưu chỉ với 1/4 thời gian so với những cách học thông thường.', 'PUBLIC', '/asset/img/course_thumb/Key-Words-For-IELTS-starter.jpg', 4, 1),
(21, 'KEY WORDS FOR IELTS (Improver)', 'Bộ Key Words For IELTS (Improver) gồm 1000 từ vựng tiếng Anh thường gặp nhất trong bài thi IELTS, phù hợp cho đối tượng cho trình độ tiếng Anh từ Trung cấp trở lên, với mục tiêu IELTS từ 5.5 đến 6.5 điểm. ', 'Cung cấp 1.000 từ vựng tiếng Anh cơ bản thường gặp trong bài thi IELTS._Là khóa học đầu tiên thuộc dòng sản phẩm Key Words for IELTS của NXB Collins COBUILD.', 'Bạn học mong muốn tham gia kỳ thi chứng chỉ IELTS nhưng chưa biết bắt đầu từ đâu._Bạn học luyện thi IELTS đã lâu nhưng khó lên band và cần lấy lại căn bản._Bạn học muốn xây dựng vốn từ vựng tiếng Anh học thuật. ', 'Giúp bạn xây dựng nhanh vốn từ vựng cơ bản, từ band 5.5 đến 6.5+._Giúp bạn tăng band điểm trung bình và đạt kết quả tốt trong kỳ thi IELTS._Giúp bạn rút ngắn thời gian học tối ưu chỉ với 1/4 thời gian so với những cách học thông thường.', 'PUBLIC', '/asset/img/course_thumb/Key-Words-For-IELTS-improver.jpg', 4, 1),
(22, 'KEY WORDS FOR IELTS (Advanced)', 'Bộ Key Words For IELTS (Advanced) gồm hơn 800 từ vựng tiếng Anh thường gặp nhất trong bài thi IELTS, phù hợp cho đối tượng muốn học Nâng cao, với mục tiêu IELTS từ 7.0 trở lên.  ', 'Cung cấp 800 từ vựng tiếng Anh cơ bản thường gặp trong bài thi IELTS._Là khóa học đầu tiên thuộc dòng sản phẩm Key Words for IELTS của NXB Collins COBUILD.', 'Bạn học mong muốn tham gia kỳ thi chứng chỉ IELTS nhưng chưa biết bắt đầu từ đâu._Bạn học luyện thi IELTS đã lâu nhưng khó lên band và cần lấy lại căn bản._Bạn học muốn xây dựng vốn từ vựng tiếng Anh học thuật. ', 'Giúp bạn xây dựng nhanh vốn từ vựng cơ bản, từ band 6.5 đến 7.0+._Giúp bạn tăng band điểm trung bình và đạt kết quả tốt trong kỳ thi IELTS._Giúp bạn rút ngắn thời gian học tối ưu chỉ với 1/4 thời gian so với những cách học thông thường.', 'PUBLIC', '/asset/img/course_thumb/Key-Words-For-IELTS-advaced.jpg', 4, 1),
(23, 'VOCABULARY FOR CAMBRIDGE KET', 'Khoá học English VOCABULARYbulary For Cambridge KET của VOCABULARY được thiết kế với hơn 850 từ vựng tiếng Anh theo chủ đề phù hợp với những bạn đang luyện thi chứng chỉ FCE. Nội dung khoá học bám sát với yêu cầu mô tả trong các bài thi FCE, chúng được chọn lọc từ những giáo trình, nguồn tài liệu luyện thi KET phổ biến và uy tín nhất (Cambridge) ', 'Cung cấp 850 từ vựng sơ cấp theo chủ đề._Khóa học thứ 2 trong dòng 6 sản phẩm dành cho kỳ thi Cambridge ESOL._Được xây dựng dựa trên các giáo trình nổi tiếng của NXB Cambridge.', 'Bạn học đang luyện thi chứng chỉ tiếng Anh Cambridge KET._Bạn học muốn xây dựng vốn từ vựng theo cấp độ, từ căn bản đến nâng cao._Bạn học yêu thích tiếng Anh, mong muốn thành thạo ngôn ngữ này trong thời gian ngắn nhất có thể.', 'Giúp bạn chuẩn bị và đạt kết quả tốt trong kỳ thi KET._Giúp bạn nâng cấp vốn từ vựng với 50 chủ đề thông dụng._Tạo nền tảng cho bạn phát triển bốn kỹ năng ở trình độ sơ cấp (tương đương CEFR A2).', 'PUBLIC', '/asset/img/course_thumb/voca-for-cambridge-ket-1625046094.jpg', 4, 1),
(24, 'VOCABULARY FOR CAMBRIDGE PET', 'Khoá học English VOCABULARYbulary For Cambridge PET của VOCABULARY được thiết kế với hơn 1300 từ vựng tiếng Anh theo chủ đề phù hợp với những bạn đang luyện thi chứng chỉ PET. Nội dung khoá học bám sát với yêu cầu mô tả trong các bài thi FCE, chúng được chọn lọc từ những giáo trình, nguồn tài liệu luyện thi PET phổ biến và uy tín nhất (Cambridge) ', 'Cung cấp 1300 từ vựng sơ cấp theo chủ đề._Khóa học thứ 2 trong dòng 6 sản phẩm dành cho kỳ thi Cambridge ESOL._Được xây dựng dựa trên các giáo trình nổi tiếng của NXB Cambridge.', 'Bạn học đang luyện thi chứng chỉ tiếng Anh Cambridge KET._Bạn học muốn xây dựng vốn từ vựng theo cấp độ, từ căn bản đến nâng cao._Bạn học yêu thích tiếng Anh, mong muốn thành thạo ngôn ngữ này trong thời gian ngắn nhất có thể.', 'Giúp bạn chuẩn bị và đạt kết quả tốt trong kỳ thi PET._Giúp bạn nâng cấp vốn từ vựng với 50 chủ đề thông dụng._Tạo nền tảng cho bạn phát triển bốn kỹ năng ở trình độ sơ cấp (tương đương CEFR B1).', 'PUBLIC', '/asset/img/course_thumb/voca-for-cambridge-pet-1625046078.jpg', 4, 1),
(25, 'English VOCABULARYbulary For Cambridge FCE', 'Khoá học English VOCABULARYbulary For Cambridge FCE của VOCABULARY được thiết kế với hơn 2000 từ vựng tiếng Anh theo chủ đề phù hợp với những bạn đang luyện thi chứng chỉ FCE. Nội dung khoá học bám sát với yêu cầu mô tả trong các bài thi FCE, chúng được chọn lọc từ những giáo trình, nguồn tài liệu luyện thi FCE phổ biến và uy tín nhất (Cambridge) ', 'Cung cấp 2000 từ vựng sơ cấp theo chủ đề._Khóa học thứ 4 trong dòng 6 sản phẩm dành cho kỳ thi Cambridge ESOL._Được xây dựng dựa trên các giáo trình nổi tiếng của NXB Cambridge.', 'Bạn học đang luyện thi chứng chỉ tiếng Anh Cambridge FCE._Bạn học muốn xây dựng vốn từ vựng theo cấp độ, từ căn bản đến nâng cao._Bạn học yêu thích tiếng Anh, mong muốn thành thạo ngôn ngữ này trong thời gian ngắn nhất có thể.', 'Giúp bạn chuẩn bị và đạt kết quả tốt trong kỳ thi FCE._Giúp bạn nâng cấp vốn từ vựng với 50 chủ đề thông dụng._Tạo nền tảng cho bạn phát triển bốn kỹ năng ở trình độ sơ cấp (tương đương CEFR B2).', 'PUBLIC', '/asset/img/course_thumb/voca-for-fce-banner-1625047471.jpg', 4, 1),
(26, 'NEW ENGLISH FOR GRADE 3', 'Bao gồm 280 từ vựng tiếng Anh quan trọng nhất dành cho học sinh lớp 3. Được chọn lọc kỹ lưỡng từ giáo trình tiếng Anh 3 của Bộ giáo dục và đào tạo. ', 'Cung cấp 280 từ vựng tiếng Anh dành cho học sinh lớp 3._Xây dựng dựa theo chương trình sách giáo khoa mới (thí điểm) của Bộ GD-ĐT kết hợp cùng NXB Pearson.', 'Học sinh lớp 3 muốn cải thiện điểm số tiếng Anh trên trường lớp._Học sinh muốn tìm một phương pháp ghi nhớ từ vựng hiệu quả và nhanh chóng._Bố mẹ đang tìm một phương pháp giúp con học tiếng Anh.', 'Giúp bạn xây dựng vốn từ vựng bám sát chương trình học._Giúp bạn cải thiện điểm số và thành tích học tập trên lớp._Giúp bạn rút ngắn thời gian học tối ưu chỉ với 1/4 thời gian so với những cách học thông thường.', 'PUBLIC', '/asset/img/course_thumb/english-grade-3-1612429405.jpg', 5, 1),
(27, 'NEW ENGLISH FOR GRADE 4', 'Bao gồm 377 từ vựng tiếng Anh quan trọng nhất dành cho học sinh lớp 4. Được chọn lọc kỹ lưỡng từ giáo trình tiếng Anh 4 của Bộ giáo dục và đào tạo. ', 'Cung cấp 377 từ vựng tiếng Anh dành cho học sinh lớp 4._Xây dựng dựa theo chương trình sách giáo khoa mới (thí điểm) của Bộ GD-ĐT kết hợp cùng NXB Pearson.', 'Học sinh lớp 4 muốn cải thiện điểm số tiếng Anh trên trường lớp._Học sinh muốn tìm một phương pháp ghi nhớ từ vựng hiệu quả và nhanh chóng._Bố mẹ đang tìm một phương pháp giúp con học tiếng Anh.', 'Giúp bạn xây dựng vốn từ vựng bám sát chương trình học._Giúp bạn cải thiện điểm số và thành tích học tập trên lớp._Giúp bạn rút ngắn thời gian học tối ưu chỉ với 1/4 thời gian so với những cách học thông thường.', 'PUBLIC', '/asset/img/course_thumb/english-grade-4-1612429443.jpg', 5, 1),
(28, 'NEW ENGLISH FOR GRADE 5', 'Bao gồm 657 từ vựng tiếng Anh quan trọng nhất dành cho học sinh lớp 5. Được chọn lọc kỹ lưỡng từ giáo trình tiếng Anh 5 của Bộ giáo dục và đào tạo. ', 'Cung cấp 657 từ vựng tiếng Anh dành cho học sinh lớp 5._Xây dựng dựa theo chương trình sách giáo khoa mới (thí điểm) của Bộ GD-ĐT kết hợp cùng NXB Pearson.', 'Học sinh lớp 5 muốn cải thiện điểm số tiếng Anh trên trường lớp._Học sinh muốn tìm một phương pháp ghi nhớ từ vựng hiệu quả và nhanh chóng._Bố mẹ đang tìm một phương pháp giúp con học tiếng Anh.', 'Giúp bạn xây dựng vốn từ vựng bám sát chương trình học._Giúp bạn cải thiện điểm số và thành tích học tập trên lớp._Giúp bạn rút ngắn thời gian học tối ưu chỉ với 1/4 thời gian so với những cách học thông thường.', 'PUBLIC', '/asset/img/course_thumb/english-grade-5-1612429473.jpg', 5, 1),
(29, 'NEW ENGLISH FOR GRADE 6', 'Bao gồm 500 từ vựng tiếng Anh quan trọng nhất dành cho học sinh lớp 6. Được chọn lọc kỹ lưỡng từ giáo trình tiếng Anh 6 của Bộ giáo dục và đào tạo. ', 'Cung cấp 500 từ vựng tiếng Anh dành cho học sinh lớp 6._Xây dựng dựa theo chương trình sách giáo khoa mới (thí điểm) của Bộ GD-ĐT kết hợp cùng NXB Pearson.', 'Học sinh lớp 6 muốn cải thiện điểm số tiếng Anh trên trường lớp._Học sinh muốn tìm một phương pháp ghi nhớ từ vựng hiệu quả và nhanh chóng._Bố mẹ đang tìm một phương pháp giúp con học tiếng Anh.', 'Giúp bạn xây dựng vốn từ vựng bám sát chương trình học._Giúp bạn cải thiện điểm số và thành tích học tập trên lớp._Giúp bạn rút ngắn thời gian học tối ưu chỉ với 1/4 thời gian so với những cách học thông thường.', 'PUBLIC', '/asset/img/course_thumb/new-english-grade-6-1612537427.jpg', 5, 1),
(30, 'NEW ENGLISH FOR GRADE 7', 'Bao gồm 800 từ vựng tiếng Anh quan trọng nhất dành cho học sinh lớp 7. Được chọn lọc kỹ lưỡng từ giáo trình tiếng Anh 7 của Bộ giáo dục và đào tạo. ', 'Cung cấp 800 từ vựng tiếng Anh dành cho học sinh lớp 7._Xây dựng dựa theo chương trình sách giáo khoa mới (thí điểm) của Bộ GD-ĐT kết hợp cùng NXB Pearson.', 'Học sinh lớp 7 muốn cải thiện điểm số tiếng Anh trên trường lớp._Học sinh muốn tìm một phương pháp ghi nhớ từ vựng hiệu quả và nhanh chóng._Bố mẹ đang tìm một phương pháp giúp con học tiếng Anh.', 'Giúp bạn xây dựng vốn từ vựng bám sát chương trình học._Giúp bạn cải thiện điểm số và thành tích học tập trên lớp._Giúp bạn rút ngắn thời gian học tối ưu chỉ với 1/4 thời gian so với những cách học thông thường.', 'PUBLIC', '/asset/img/course_thumb/new-english-grade-7-1612537190.jpg', 5, 1),
(31, 'NEW ENGLISH FOR GRADE 8', 'Bao gồm 780 từ vựng tiếng Anh quan trọng nhất dành cho học sinh lớp 8. Được chọn lọc kỹ lưỡng từ giáo trình tiếng Anh 8 của Bộ giáo dục và đào tạo. ', 'Cung cấp 780 từ vựng tiếng Anh dành cho học sinh lớp 8._Xây dựng dựa theo chương trình sách giáo khoa mới (thí điểm) của Bộ GD-ĐT kết hợp cùng NXB Pearson.', 'Học sinh lớp 8 muốn cải thiện điểm số tiếng Anh trên trường lớp._Học sinh muốn tìm một phương pháp ghi nhớ từ vựng hiệu quả và nhanh chóng._Bố mẹ đang tìm một phương pháp giúp con học tiếng Anh.', 'Giúp bạn xây dựng vốn từ vựng bám sát chương trình học._Giúp bạn cải thiện điểm số và thành tích học tập trên lớp._Giúp bạn rút ngắn thời gian học tối ưu chỉ với 1/4 thời gian so với những cách học thông thường.', 'PUBLIC', '/asset/img/course_thumb/new-english-grade-8-1612537174.jpg', 5, 1),
(32, 'NEW ENGLISH FOR GRADE 9', 'Bao gồm từ vựng tiếng Anh quan trọng nhất dành cho học sinh lớp 9. Được chọn lọc kỹ lưỡng từ giáo trình tiếng Anh 9 của Bộ giáo dục và đào tạo. ', 'Cung cấp 609 từ vựng tiếng Anh dành cho học sinh lớp 9._Xây dựng dựa theo chương trình sách giáo khoa mới (thí điểm) của Bộ GD-ĐT kết hợp cùng NXB Pearson.', 'Học sinh lớp 9 muốn cải thiện điểm số tiếng Anh trên trường lớp._Học sinh muốn tìm một phương pháp ghi nhớ từ vựng hiệu quả và nhanh chóng._Bố mẹ đang tìm một phương pháp giúp con học tiếng Anh.', 'Giúp bạn xây dựng vốn từ vựng bám sát chương trình học._Giúp bạn cải thiện điểm số và thành tích học tập trên lớp._Giúp bạn rút ngắn thời gian học tối ưu chỉ với 1/4 thời gian so với những cách học thông thường.', 'PUBLIC', '/asset/img/course_thumb/new-english-for-grade-9-1614843592.jpg', 5, 1),
(33, 'NEW ENGLISH FOR GRADE 10', 'Bao gồm từ vựng tiếng Anh quan trọng nhất dành cho học sinh lớp 10. Được chọn lọc kỹ lưỡng từ giáo trình tiếng Anh 10 của Bộ giáo dục và đào tạo. ', 'Cung cấp 509 từ vựng tiếng Anh dành cho học sinh lớp 10._Xây dựng dựa theo chương trình sách giáo khoa mới (thí điểm) của Bộ GD-ĐT kết hợp cùng NXB Pearson.', 'Học sinh lớp 10 muốn cải thiện điểm số tiếng Anh trên trường lớp ._Học sinh muốn tìm một phương pháp ghi nhớ từ vựng hiệu quả và nhanh chóng._Bố mẹ đang tìm một phương pháp giúp con học tiếng Anh.', 'Giúp bạn xây dựng vốn từ vựng bám sát chương trình học._Giúp bạn cải thiện điểm số và thành tích học tập trên lớp._Giúp bạn rút ngắn thời gian học tối ưu chỉ với 1/4 thời gian so với những cách học thông thường.', 'PUBLIC', '/asset/img/course_thumb/new-english-for-grade-10-1614941111.jpg', 5, 1),
(34, 'VOCABULARY For Market Leader (Elementary)', 'MARKET LEADER (Level: Elementary) là bộ từ vựng đầu tiên thuộc dòng sản phẩm Market Leader, dành cho bạn học ở trình độ Sơ cấp; hướng đến đối tượng học tiếng Anh chuyên ngành thương mại, tiếng Anh dành cho doanh nghiệp hoặc bất cứ ai đang làm việc trong lĩnh vực Kinh tế. ', 'Cung cấp 400 từ vựng tiếng Anh kinh tế thông dụng._Bao gồm 20 chủ đề thường gặp trong giao tiếp kinh doanh._Là khóa học đầu tiên thuộc dòng sản phẩm Market Leader của NXB Collins COBUILD.', 'Sinh viên đang theo học khối ngành kinh tế, muốn đáp ứng điều kiện đầu ra của nhà trường._Người đi làm cần cải thiện khả năng Anh ngữ để ứng tuyển, phục vụ công việc hoặc thăng tiến._Bạn học tiếng Anh từ căn bản đến nâng cao, theo chuyên ngành kinh tế.', 'Giúp bạn bổ sung nhanh vốn từ vựng cơ bản áp dụng ngay vào thực tiễn._Giúp bạn tăng khả năng giao tiếp và diễn đạt bằng tiếng Anh trong đa dạng các tình huống kinh doanh._Giúp bạn phát triển đồng thời kiến thức kinh tế qua các câu chuyện và case study.', 'PUBLIC', '/asset/img/course_thumb/Market leader avatar-01-1593138170.jpg', 6, 1),
(35, 'VOCABULARY For Market Leader (Pre Intermediate)', 'VOCABULARY For Market Leader (Pre Intermediate) là bộ từ vựng thứ 2 thuộc dòng sản phẩm Market Leader, dành cho bạn học ở trình độ Sơ Trung cấp; hướng đến đối tượng học tiếng Anh chuyên ngành thương mại, tiếng Anh dành cho doanh nghiệp hoặc bất cứ ai đang làm việc trong lĩnh vực Kinh tế. ', 'Cung cấp 400 từ vựng tiếng Anh kinh tế thông dụng._Bao gồm 20 chủ đề thường gặp trong giao tiếp kinh doanh._Là khóa học đầu tiên thuộc dòng sản phẩm Market Leader của NXB Collins COBUILD.', 'Sinh viên đang theo học khối ngành kinh tế, muốn đáp ứng điều kiện đầu ra của nhà trường._Người đi làm cần cải thiện khả năng Anh ngữ để ứng tuyển, phục vụ công việc hoặc thăng tiến._Bạn học tiếng Anh từ căn bản đến nâng cao, theo chuyên ngành kinh tế.', 'Giúp bạn bổ sung nhanh vốn từ vựng cơ bản áp dụng ngay vào thực tiễn._Giúp bạn tăng khả năng giao tiếp và diễn đạt bằng tiếng Anh trong đa dạng các tình huống kinh doanh._Giúp bạn phát triển đồng thời kiến thức kinh tế qua các câu chuyện và case study.', 'PUBLIC', '/asset/img/course_thumb/Market leader-preintermediate-1593929031.jpg', 6, 1),
(36, 'VOCABULARY For Market Leader (Intermediate)', 'Market Leader (Intermediate) là phần thứ ba của bộ từ vựng MARKET LEADER; hướng đến đối tượng học tiếng Anh chuyên ngành thương mại hoặc mong muốn trau dồi khả năng giao tiếp tiếng Anh thương mại. ', 'Cung cấp 400 từ vựng tiếng Anh kinh tế thông dụng._Bao gồm 20 chủ đề thường gặp trong giao tiếp kinh doanh._Là khóa học đầu tiên thuộc dòng sản phẩm Market Leader của NXB Collins COBUILD.', 'Sinh viên đang theo học khối ngành kinh tế, muốn đáp ứng điều kiện đầu ra của nhà trường._Người đi làm cần cải thiện khả năng Anh ngữ để ứng tuyển, phục vụ công việc hoặc thăng tiến._Bạn học tiếng Anh từ căn bản đến nâng cao, theo chuyên ngành kinh tế.', 'Giúp bạn bổ sung nhanh vốn từ vựng cơ bản áp dụng ngay vào thực tiễn._Giúp bạn tăng khả năng giao tiếp và diễn đạt bằng tiếng Anh trong đa dạng các tình huống kinh doanh._Giúp bạn phát triển đồng thời kiến thức kinh tế qua các câu chuyện và case study.', 'PUBLIC', '/asset/img/course_thumb/Market leader5-01-1594430239.jpg', 6, 1),
(37, 'VOCABULARY For Market Leader (Upper Intermediate)', 'Market Leader (Upper Intermediate) là phần thứ tư của dòng sản phẩm về từ vựng tiếng Anh thương mại; hướng đến đối tượng học tiếng Anh chuyên ngành kinh tế hoặc đang công tác trong lĩnh vực kinh doanh, thương mại quốc tế. ', 'Cung cấp 400 từ vựng tiếng Anh kinh tế thông dụng._Bao gồm 20 chủ đề thường gặp trong giao tiếp kinh doanh._Là khóa học đầu tiên thuộc dòng sản phẩm Market Leader của NXB Collins COBUILD.', 'Sinh viên đang theo học khối ngành kinh tế, muốn đáp ứng điều kiện đầu ra của nhà trường._Người đi làm cần cải thiện khả năng Anh ngữ để ứng tuyển, phục vụ công việc hoặc thăng tiến._Bạn học tiếng Anh từ căn bản đến nâng cao, theo chuyên ngành kinh tế.', 'Giúp bạn bổ sung nhanh vốn từ vựng cơ bản áp dụng ngay vào thực tiễn._Giúp bạn tăng khả năng giao tiếp và diễn đạt bằng tiếng Anh trong đa dạng các tình huống kinh doanh._Giúp bạn phát triển đồng thời kiến thức kinh tế qua các câu chuyện và case study.', 'PUBLIC', '/asset/img/course_thumb/Market leader3-01-1598519173.jpg', 6, 1),
(38, 'VOCABULARY For Market Leader (Advanced)', 'Market Leader (Advanced) là phần cuối cùng của dòng sản phẩm về từ vựng tiếng Anh thương mại; hướng đến đối tượng học tiếng Anh chuyên ngành kinh tế hoặc đang công tác trong lĩnh vực kinh doanh, thương mại quốc tế. ', 'Cung cấp 400 từ vựng tiếng Anh kinh tế thông dụng._Bao gồm 20 chủ đề thường gặp trong giao tiếp kinh doanh._Là khóa học đầu tiên thuộc dòng sản phẩm Market Leader của NXB Collins COBUILD.', 'Sinh viên đang theo học khối ngành kinh tế, muốn đáp ứng điều kiện đầu ra của nhà trường._Người đi làm cần cải thiện khả năng Anh ngữ để ứng tuyển, phục vụ công việc hoặc thăng tiến._Bạn học tiếng Anh từ căn bản đến nâng cao, theo chuyên ngành kinh tế.', 'Giúp bạn bổ sung nhanh vốn từ vựng cơ bản áp dụng ngay vào thực tiễn._Giúp bạn tăng khả năng giao tiếp và diễn đạt bằng tiếng Anh trong đa dạng các tình huống kinh doanh._Giúp bạn phát triển đồng thời kiến thức kinh tế qua các câu chuyện và case study.', 'PUBLIC', '/asset/img/course_thumb/Market leader avatar-1598519280.jpg', 6, 1),
(39, 'English for Marketing & Advertising', 'Bộ từ vựng tiếng Anh chuyên ngành Quảng cáo & Marketing sẽ giúp bạn trau dồi thêm vốn từ cũng như kiến thức về ngành Marketing. ', 'Cung cấp 100 thuật ngữ tiếng Anh thông dụng nhất trong lĩnh vực Marketing và Quảng cáo. _Xây dựng dựa trên giáo trình uy tín của NXB Cambridge.', 'Sinh viên chuyên ngành và người học quan tâm đến lĩnh vực Marketing và Quảng cáo._Người đi làm cần cải thiện khả năng Anh ngữ để ứng tuyển, phục vụ công việc hoặc thăng tiến.', 'Giúp bạn bổ sung nhanh vốn từ vựng chuyên ngành áp dụng ngay vào thực tiễn._Giúp bạn tăng khả năng giao tiếp và diễn đạt bằng tiếng Anh trong các tình huống thuộc chuyên ngành._Giúp bạn nắm bắt cơ hội trong công việc và phát triển sự nghiệp.', 'PUBLIC', '/asset/img/course_thumb/marketing-1576242896.jpg', 6, 1),
(40, 'VOCABULARY FOR TOURISM', 'Bộ từ vựng về du lịch sẽ cung cấp cho người học hơn 500 từ vựng chuyên ngành du lịch, được nghiên cứu, sàng lọc và phân loại kỹ càng, phù hợp với hầu hết những cấp độ người học, từ sơ cấp đến nâng cao. ', 'Cung cấp 510 từ vựng tiếng Anh thông dụng nhất trong lĩnh vực Du lịch - Lữ hành và Nhà hàng - Khách sạn._Bao gồm 30 chủ đề thường gặp và có tính ứng dụng cao nhất.', 'Sinh viên chuyên ngành và người học quan tâm đến chuyên ngành Du lịch - Nhà hàng - Khách sạn._Người đi làm cần cải thiện khả năng Anh ngữ để ứng tuyển, phục vụ công việc hoặc thăng tiến._Các bạn đam mê \"xê dịch\" và có dự định đi du lịch nước ngoài.', 'Giúp bạn bổ sung nhanh vốn từ vựng chuyên ngành áp dụng ngay vào thực tiễn._Giúp bạn tăng khả năng giao tiếp và diễn đạt bằng tiếng Anh trong các tình huống thuộc chuyên ngành._Giúp bạn chuẩn bị hành trang tiếng Anh khi xuất ngoại.', 'PUBLIC', '/asset/img/course_thumb/avatar-voca-for-tourism-1644385513.jpg', 7, 1),
(41, 'VOCABULARY FOR GRAPHIC DESIGN', 'Bộ từ chứa hơn 100 từ vựng chuyên ngành thiết kế đồ họa từ cơ bản đến nâng cao giúp người học nâng cao kiến thức chuyên ngành. Đồng thời, hệ thống cung cấp cách học cùng hình ảnh minh họa và âm thanh trực quan giúp người học dễ dàng tiếp thu và hiểu hơn về bài học. ', 'Bao gồm 110 thuật ngữ tiếng Anh thông dụng nhất trong lĩnh vực Thiết kế và Đồ họa. _Bao gồm 6 chủ đề thường gặp nhất trong công việc thiết kế.', 'Sinh viên chuyên ngành và người học quan tâm đến lĩnh vực Thiết kế và Đồ họa._Người đi làm cần cải thiện khả năng Anh ngữ để ứng tuyển, phục vụ công việc hoặc thăng tiến.', 'Giúp bạn bổ sung nhanh vốn từ vựng chuyên ngành áp dụng ngay vào thực tiễn._Giúp bạn tăng khả năng giao tiếp và diễn đạt bằng tiếng Anh trong các tình huống thuộc chuyên ngành._Giúp bạn chuẩn bị hành trang tiếng Anh khi xuất ngoại.', 'PUBLIC', '/asset/img/course_thumb/voca-for-graphic-design-1645148622.jpg', 7, 1),
(42, 'VOCABULARY FOR RELIGION AND BELIEF', 'VOCABULARY For Religion với hơn 350 từ vựng thông dụng nhất về lĩnh vực tôn giáo sẽ giúp bạn bổ sung nhanh vốn từ vựng thuộc lĩnh vực tôn giáo và áp dụng ngay vào thực tiễn. ', 'Bao gồm 350 từ vựng tiếng Anh thông dụng nhất trong lĩnh vực Tôn giáo._Bao gồm 22 chủ đề với ba tôn giáo lớn là Phật giáo, Thiên Chúa giáo và đạo Cao Đài.', 'Sinh viên chuyên ngành và người học quan tâm đến lĩnh vực tôn giáo._Người đi làm cần cải thiện khả năng Anh ngữ để ứng tuyển, phục vụ công việc hoặc thăng tiến.', 'Giúp bạn bổ sung nhanh vốn từ vựng chuyên ngành áp dụng ngay vào thực tiễn._Giúp bạn tăng khả năng giao tiếp và diễn đạt bằng tiếng Anh trong các tình huống thuộc chuyên ngành._Giúp bạn chuẩn bị hành trang tiếng Anh khi xuất ngoại.', 'PUBLIC', '/asset/img/course_thumb/voca-for-religion-popup-1644923626.jpg', 7, 1),
(43, 'VOCABULARY FOR HUMAN RESOURCES', 'Bộ từ bao gồm hơn 900 từ chuyên ngành, được sàng lọc và tổng hợp từ giáo trình uy tín \"Check Your English VOCABULARYbulary for Human Resources\" của tác giả Rawdon Wyatt.  ', 'Cung cấp 900 từ vựng tiếng Anh thông dụng nhất trong lĩnh vực Nhân sự. _Xây dựng dựa trên giáo trình Check Your English Vocabulary for Human Resources của tác giả Rawdon Wyatt.', 'Sinh viên chuyên ngành và người học quan tâm đến lĩnh vực nhân sự._Người đi làm cần cải thiện khả năng Anh ngữ để ứng tuyển, phục vụ công việc hoặc thăng tiến.', 'Giúp bạn bổ sung nhanh vốn từ vựng chuyên ngành áp dụng ngay vào thực tiễn._Giúp bạn tăng khả năng giao tiếp và diễn đạt bằng tiếng Anh trong các tình huống thuộc chuyên ngành._Giúp bạn chuẩn bị hành trang tiếng Anh khi xuất ngoại.', 'PUBLIC', '/asset/img/course_thumb/voca-for-human-resources-1622426645.jpg', 7, 1),
(44, 'VOCABULARY FOR DOCTORS', 'Bao gồm hơn 700 từ vựng tiếng Anh chuyên ngành Y khoa được sàng lọc và tổng hợp từ các nguồn giáo trình uy tín. VOCABULARY FOR DOCTORS chính là trợ thủ đắc lực cho những ai đang theo đuổi ngành Y. ', 'Cung cấp 700 từ vựng tiếng Anh thông dụng trong lĩnh vực Y khoa. _Bao gồm 45 chủ đề thường gặp và có tính ứng dụng cao nhất.', 'Sinh viên chuyên ngành và người học quan tâm đến lĩnh vực y khoa._Người đi làm cần cải thiện khả năng Anh ngữ để ứng tuyển, phục vụ công việc hoặc thăng tiến.', 'Giúp bạn bổ sung nhanh vốn từ vựng chuyên ngành áp dụng ngay vào thực tiễn._Giúp bạn tăng khả năng giao tiếp và diễn đạt bằng tiếng Anh trong các tình huống thuộc chuyên ngành._Giúp bạn chuẩn bị hành trang tiếng Anh khi xuất ngoại.', 'PUBLIC', '/asset/img/course_thumb/voca-for-doctors-avatar-1622164119.jpg', 7, 1),
(45, 'VOCABULARY FOR COMPUTER', 'VOCABULARY For Computer bao gồm 666 từ vựng tiếng Anh chuyên ngành công nghệ thông tin được tổng hợp từ giáo trình Check Your English VOCABULARYbulary For Computers and IT của Jon Marks. ', 'Cung cấp 666 từ vựng tiếng Anh thông dụng nhất trong lĩnh vực Công nghệ thông tin. _Xây dựng dựa trên giáo trình Check Your English Vocabulary for Computers and Information Technology của tác giả Jon Marks.', 'Sinh viên chuyên ngành và người học quan tâm đến lĩnh vực công nghệ thông tin._Người đi làm cần cải thiện khả năng Anh ngữ để ứng tuyển, phục vụ công việc hoặc thăng tiến.', 'Giúp bạn bổ sung nhanh vốn từ vựng chuyên ngành áp dụng ngay vào thực tiễn._Giúp bạn tăng khả năng giao tiếp và diễn đạt bằng tiếng Anh trong các tình huống thuộc chuyên ngành._Giúp bạn chuẩn bị hành trang tiếng Anh khi xuất ngoại.', 'PUBLIC', '/asset/img/course_thumb/voca-for-computer-it-1622451931.jpg', 7, 1),
(46, 'VOCABULARY FOR LAWYERS', 'Với hơn 1200 từ vựng tiếng Anh chuyên ngành được chọn lọc kĩ lưỡng, VOCABULARY FOR LAWYERS hứa hẹn sẽ là công cụ hỗ trợ đắc lực cho các Sinh viên, hay những người đang công tác trong ngành Luật. ', 'Cung cấp 1.200 từ vựng tiếng Anh thông dụng nhất trong lĩnh vực Luật pháp. _Xây dựng dựa trên giáo trình Check Your English Vocabulary for Law của tác giả Rawdon Wyatt.', 'Sinh viên chuyên ngành và người học quan tâm đến lĩnh vực luật pháp._Người đi làm cần cải thiện khả năng Anh ngữ để ứng tuyển, phục vụ công việc hoặc thăng tiến.', 'Giúp bạn bổ sung nhanh vốn từ vựng chuyên ngành áp dụng ngay vào thực tiễn._Giúp bạn tăng khả năng giao tiếp và diễn đạt bằng tiếng Anh trong các tình huống thuộc chuyên ngành._Giúp bạn chuẩn bị hành trang tiếng Anh khi xuất ngoại.', 'PUBLIC', '/asset/img/course_thumb/voca-for-lawyers-avatar-1622164135.jpg', 7, 1),
(47, 'ENGLISH FOR REAL ESTATE', 'Tổng hợp từ vựng từ căn bản đến nâng cao về lĩnh vực bất động sản. ', 'Cung cấp 180 từ vựng tiếng Anh thông dụng trong lĩnh vực Bất động sản. _Bao gồm 8 chủ đề thường gặp và có tính ứng dụng cao nhất.', 'Sinh viên chuyên ngành và người học quan tâm đến lĩnh vực bất động sản._Người đi làm cần cải thiện khả năng Anh ngữ để ứng tuyển, phục vụ công việc hoặc thăng tiến.', 'Giúp bạn bổ sung nhanh vốn từ vựng chuyên ngành áp dụng ngay vào thực tiễn._Giúp bạn tăng khả năng giao tiếp và diễn đạt bằng tiếng Anh trong các tình huống thuộc chuyên ngành._Giúp bạn chuẩn bị hành trang tiếng Anh khi xuất ngoại.', 'PUBLIC', '/asset/img/course_thumb/english-for-real-estate-1566379116.jpg', 7, 1),
(48, 'Cambridge FCE Collocations', 'Khóa học Cambridge FCE Collocations của VOCABULARY sẽ cung cấp cho người học 220 collocations thường gặp nhất, các kiến thức về cách dùng kết hợp các cụm từ tiếng Anh theo trình độ FCE của Cambridge. ', 'Cung cấp 200 cụm từ kết hợp theo chủ đề._Khóa học bổ trợ trong dòng sản phẩm dành cho kỳ thi Cambridge ESOL._Được xây dựng dựa trên các giáo trình nổi tiếng của NXB Cambridge.', 'Bạn học đang luyện thi chứng chỉ tiếng Anh Cambridge FCE._Bạn học muốn xây dựng vốn từ vựng theo cấp độ, từ căn bản đến nâng cao._Bạn học yêu thích tiếng Anh, mong muốn thành thạo ngôn ngữ này trong thời gian ngắn nhất có thể.', 'Giúp bạn chuẩn bị và đạt kết quả tốt trong kỳ thi FCE._Giúp bạn nâng cấp vốn từ vựng với 50 chủ đề thông dụng._Tạo nền tảng cho bạn phát triển bốn kỹ năng ở trình độ sơ cấp (tương đương CEFR B2).', 'PUBLIC', '/asset/img/course_thumb/cambridge-collocations-1600243122.jpg', 8, 1),
(49, 'COMMON PHRASAL VERBS', 'Bộ từ vựng bao gồm những cụm động từ và giới từ thông dụng ', 'Cung cấp 780 động từ cụm tiếng Anh thông dụng nhất._Bao gồm 58 bài học theo thứ tự bảng chữ cái, dễ liên kết và tra cứu khi học.', 'Bạn học gặp khó khăn trong giao tiếp, đọc hiểu do thiếu vốn từ vựng._Học sinh, sinh viên muốn cải thiện điểm số tiếng Anh hoặc đáp ứng điều kiện đầu ra của nhà trường._Người đi làm cần cải thiện khả năng Anh ngữ để ứng tuyển, phục vụ công việc hoặc thăng tiến.', 'Giúp bạn tăng khả năng giao tiếp và diễn đạt bằng tiếng Anh._Giúp tiếng Anh của bạn trôi chảy và tự nhiên như người bản xứ. ', 'PUBLIC', '/asset/img/course_thumb/common-phrasal-verbs-1566379104.jpg', 8, 1),
(50, 'VOCABULARY for Common Phrasal Verbs', 'VOCABULARY for Common Phrasal Verbs gồm 21 chủ đề, cung cấp cho người học 233 cụm động từ thông dụng nhất trong giao tiếp. VOCABULARY sẽ giúp bạn thuộc nằm lòng, và sử dụng thành thạo trong thời gian không quá 2 tuần.  ', 'Cung cấp 233 động từ cụm tiếng Anh thông dụng nhất._Bao gồm 21 chủ đề thường gặp nhất trong tiếng Anh giao tiếp đi kèm câu chuyện.', 'Bạn học gặp khó khăn trong giao tiếp, đọc hiểu do thiếu vốn từ vựng._Học sinh, sinh viên muốn cải thiện điểm số tiếng Anh hoặc đáp ứng điều kiện đầu ra của nhà trường._Người đi làm cần cải thiện khả năng Anh ngữ để ứng tuyển, phục vụ công việc hoặc thăng tiến.', 'Giúp bạn tăng khả năng giao tiếp và diễn đạt bằng tiếng Anh._Giúp tiếng Anh của bạn trôi chảy và tự nhiên như người bản xứ. ', 'PUBLIC', '/asset/img/course_thumb/VOCA-for-Common-Phrasal-Verbs.jpg', 8, 1),
(51, 'VOCABULARY FOR COMMON ANTONYMS', 'VOCABULARY For Common Antonums sẽ giúp người học bổ sung vào kho từ điển cá nhân của mình hơn 100 cặp từ vựng tiếng Anh trái nghĩa thông dụng, thường gặp nhất.  ', 'Cung cấp 100 cặp từ trái nghĩa thông dụng nhất trong tiếng Anh._Bao gồm 8 chủ đề thường gặp nhất trong giao tiếp.', 'Bạn học gặp khó khăn trong giao tiếp, đọc hiểu do thiếu vốn từ vựng._Bạn học muốn tìm một phương pháp ghi nhớ từ vựng hiệu quả và thú vị.', 'Giúp bạn tăng khả năng giao tiếp và diễn đạt bằng tiếng Anh._Giúp tiếng Anh của bạn trôi chảy và tự nhiên như người bản xứ. ', 'PUBLIC', '/asset/img/course_thumb/common-antonyms-1594884628.jpg', 8, 1),
(52, '900 Essential Verbs in English', 'Bộ từ vựng bao gồm 900 động từ có tần suất xuất hiện nhiều nhất sẽ giúp bạn hiểu rõ 95% mọi tình huống, ngữ cảnh trong tiếng Anh. ', 'Cung cấp hơn 900 động từ tiếng Anh thông dụng._Bao gồm 45 chủ đề thường gặp nhất trong tiếng Anh giao tiếp.', 'Giúp bạn hiểu nghĩa 95% động từ trong mọi ngữ cảnh của tiếng Anh._Giúp bạn tăng khả năng giao tiếp, diễn đạt và đọc hiểu bằng tiếng Anh._Giúp bạn rút ngắn thời gian học tối ưu chỉ với 1/4 thời gian so với những cách học thông thường.', 'Giúp bạn tăng khả năng giao tiếp và diễn đạt bằng tiếng Anh._Giúp tiếng Anh của bạn trôi chảy và tự nhiên như người bản xứ. ', 'PUBLIC', '/asset/img/course_thumb/essential verbs-1507512332.jpg', 8, 1),
(53, '500 ESSENTIAL ADJECTIVES IN ENGLISH', 'Tiếng Anh có khoảng 3000 từ vựng thông dụng, thì đây chính là 500 tính từ phổ biến nhất mà bạn cần học. Nắm vững 500 từ khóa này sẽ giúp bạn làm chủ khả năng tiếng Anh của mình một cách nhanh chóng và thông minh nhất.  ', 'Cung cấp hơn 500 tính từ tiếng Anh thông dụng._Bao gồm 25 chủ đề thường gặp nhất trong tiếng Anh giao tiếp.', 'Giúp bạn hiểu nghĩa 95% tính từ trong mọi ngữ cảnh của tiếng Anh._Giúp bạn tăng khả năng giao tiếp, diễn đạt và đọc hiểu bằng tiếng Anh._Giúp bạn rút ngắn thời gian học tối ưu chỉ với 1/4 thời gian so với những cách học thông thường.', 'Giúp bạn tăng khả năng giao tiếp và diễn đạt bằng tiếng Anh._Giúp tiếng Anh của bạn trôi chảy và tự nhiên như người bản xứ. ', 'PUBLIC', '/asset/img/course_thumb/500-adjectives-1510819036.jpg', 8, 1),
(54, '1500 Essential Nouns', 'Tiếng Anh có khoảng 3000 từ vựng thông dụng, thì đây chính là 1500 danh từ phổ biến nhất mà bạn cần học. Nắm vững 1500 từ khóa này sẽ giúp bạn làm chủ khả năng tiếng Anh của mình một cách nhanh chóng và thông minh nhất.  ', 'Cung cấp hơn 1.500 danh từ tiếng Anh thông dụng._Bao gồm 75 chủ đề thường gặp nhất trong tiếng Anh giao tiếp.', 'Giúp bạn hiểu nghĩa 95% danh từ trong mọi ngữ cảnh của tiếng Anh._Giúp bạn tăng khả năng giao tiếp, diễn đạt và đọc hiểu bằng tiếng Anh._Giúp bạn rút ngắn thời gian học tối ưu chỉ với 1/4 thời gian so với những cách học thông thường.', 'Giúp bạn tăng khả năng giao tiếp và diễn đạt bằng tiếng Anh._Giúp tiếng Anh của bạn trôi chảy và tự nhiên như người bản xứ. ', 'PUBLIC', '/asset/img/course_thumb/1500-essential-nouns-1507878675.jpg', 8, 1);
INSERT INTO `course` (`id`, `title`, `description`, `content`, `targetLearner`, `goal`, `status`, `thumbnail`, `id_group`, `id_category`) VALUES
(55, 'LETS TALK!', 'Khoá học Let’s Talk sẽ đem đến cho bạn 25 mẫu câu tiếng Anh giao tiếp thông dụng theo chủ đề, khoá học hoàn toàn miễn phí giúp bạn có thể trải nghiệm phương pháp học tiếng Anh qua câu rất thú vị của VOCABULARY. ', 'Bao gồm 25 mẫu câu thuộc 5 chủ đề thông dụng và gần gũi nhất._Khóa học miễn phí cho bạn trải nghiệm cách học mẫu câu thông minh cùng VOCA.', 'Bạn mới bắt đầu học tiếng Anh._Bạn học muốn bổ sung vốn từ vựng giao tiếp thông dụng._Bạn học muốn tìm một phương pháp ghi nhớ từ vựng hiệu quả và nhanh chóng.', 'Giúp bạn làm quen với cách học tiếng Anh qua mẫu câu cùng VOCA._Giúp bạn tăng khả năng giao tiếp và diễn đạt tiếng Anh trong một số tình huống thông dụng.', 'PUBLIC', '/asset/img/course_thumb/lets-talk-1617880805.jpg', 1, 2),
(56, 'ENGLISH QUESTIONS FOR JOB INTERVIEW', 'Khóa học bao gồm 100 câu hỏi thường gặp nhất giúp bạn thành công khi tham gia phỏng vấn xin việc bằng tiếng Anh', 'Cung cấp 100 mẫu câu tiếng Anh thường gặp nhất trong quá trình phỏng vấn xin việc. _Đi kèm 100 cặp câu hỏi đáp giúp bạn chuyển bị cho buổi phỏng vấn._Nội dung thiết kế dựa trên các giáo trình uy tín được đội ngũ giáo viên VOCA biên soạn.', 'Bạn học có dự định đi phỏng vấn hoặc vào làm ở các công ty nước ngoài._Người đi làm cần cải thiện khả năng Anh ngữ để ứng tuyển, phục vụ công việc hoặc thăng tiến.', 'Giúp bạn chuẩn bị hành trang ngôn ngữ khi đi phỏng vấn hoặc làm việc._Giúp bạn tăng khả năng giao tiếp và diễn đạt tiếng Anh._Giúp bạn cải thiện kỹ năng xử lý và tư duy khéo léo trong các tình huống thường gặp khi phỏng vấn.', 'PUBLIC', '/asset/img/course_thumb/english-questions-for-job-interview-1648783861.jpg', 9, 2),
(57, 'OTHER WAYS TO SAY: BASIC 1', 'Bộ câu gồm những cách nói khác nhau để thể hiện hoặc trình bày một nội dung, giúp ngôn ngữ của bạn phong phú và đa dạng hơn. ', 'Cung cấp 100 mẫu câu tiếng Anh thường gặp nhất trong quá trình phỏng vấn xin việc. _Đi kèm 100 cặp câu hỏi đáp giúp bạn chuyển bị cho buổi phỏng vấn._Nội dung thiết kế dựa trên các giáo trình uy tín được đội ngũ giáo viên VOCA biên soạn.', 'Bạn học có dự định đi phỏng vấn hoặc vào làm ở các công ty nước ngoài._Người đi làm cần cải thiện khả năng Anh ngữ để ứng tuyển, phục vụ công việc hoặc thăng tiến.', 'Giúp bạn chuẩn bị hành trang ngôn ngữ khi đi phỏng vấn hoặc làm việc._Giúp bạn tăng khả năng giao tiếp và diễn đạt tiếng Anh._Giúp bạn cải thiện kỹ năng xử lý và tư duy khéo léo trong các tình huống thường gặp khi phỏng vấn.', 'PUBLIC', '/asset/img/course_thumb/other-way-004-1648537558.jpg', 9, 2),
(58, 'OTHER WAYS TO SAY: BASIC 2', 'Bộ câu gồm những cách nói khác nhau để thể hiện hoặc trình bày một nội dung, giúp ngôn ngữ của bạn phong phú và đa dạng hơn. ', 'Cung cấp 100 mẫu câu tiếng Anh thường gặp nhất trong quá trình phỏng vấn xin việc. _Đi kèm 100 cặp câu hỏi đáp giúp bạn chuyển bị cho buổi phỏng vấn._Nội dung thiết kế dựa trên các giáo trình uy tín được đội ngũ giáo viên VOCA biên soạn.', 'Bạn học có dự định đi phỏng vấn hoặc vào làm ở các công ty nước ngoài._Người đi làm cần cải thiện khả năng Anh ngữ để ứng tuyển, phục vụ công việc hoặc thăng tiến.', 'Giúp bạn chuẩn bị hành trang ngôn ngữ khi đi phỏng vấn hoặc làm việc._Giúp bạn tăng khả năng giao tiếp và diễn đạt tiếng Anh._Giúp bạn cải thiện kỹ năng xử lý và tư duy khéo léo trong các tình huống thường gặp khi phỏng vấn.', 'PUBLIC', '/asset/img/course_thumb/other-way-005-1648537546.jpg', 9, 2),
(59, 'OTHER WAYS TO SAY: DEVELOPING 1', 'Bộ câu gồm những cách nói khác nhau để thể hiện hoặc trình bày một nội dung, giúp ngôn ngữ của bạn phong phú và đa dạng hơn. ', 'Cung cấp 100 mẫu câu tiếng Anh thường gặp nhất trong quá trình phỏng vấn xin việc. _Đi kèm 100 cặp câu hỏi đáp giúp bạn chuyển bị cho buổi phỏng vấn._Nội dung thiết kế dựa trên các giáo trình uy tín được đội ngũ giáo viên VOCA biên soạn.', 'Bạn học có dự định đi phỏng vấn hoặc vào làm ở các công ty nước ngoài._Người đi làm cần cải thiện khả năng Anh ngữ để ứng tuyển, phục vụ công việc hoặc thăng tiến.', 'Giúp bạn chuẩn bị hành trang ngôn ngữ khi đi phỏng vấn hoặc làm việc._Giúp bạn tăng khả năng giao tiếp và diễn đạt tiếng Anh._Giúp bạn cải thiện kỹ năng xử lý và tư duy khéo léo trong các tình huống thường gặp khi phỏng vấn.', 'PUBLIC', '/asset/img/course_thumb/other-way-001-1648537527.jpg', 9, 2),
(60, 'OTHER WAYS TO SAY: DEVELOPING 2', 'Bộ câu gồm những cách nói khác nhau để thể hiện hoặc trình bày một nội dung, giúp ngôn ngữ của bạn phong phú và đa dạng hơn.', 'Cung cấp 100 mẫu câu tiếng Anh thường gặp nhất trong quá trình phỏng vấn xin việc. _Đi kèm 100 cặp câu hỏi đáp giúp bạn chuyển bị cho buổi phỏng vấn._Nội dung thiết kế dựa trên các giáo trình uy tín được đội ngũ giáo viên VOCA biên soạn.', 'Bạn học có dự định đi phỏng vấn hoặc vào làm ở các công ty nước ngoài._Người đi làm cần cải thiện khả năng Anh ngữ để ứng tuyển, phục vụ công việc hoặc thăng tiến.', 'Giúp bạn chuẩn bị hành trang ngôn ngữ khi đi phỏng vấn hoặc làm việc._Giúp bạn tăng khả năng giao tiếp và diễn đạt tiếng Anh._Giúp bạn cải thiện kỹ năng xử lý và tư duy khéo léo trong các tình huống thường gặp khi phỏng vấn.', 'PUBLIC', '/asset/img/course_thumb/other-way-002-1648537514.jpg', 9, 2),
(61, 'OTHER WAYS TO SAY: EXPANDING 1', 'Bộ câu gồm những cách nói khác nhau để thể hiện hoặc trình bày một nội dung, giúp ngôn ngữ của bạn phong phú và đa dạng hơn. ', 'Cung cấp 100 mẫu câu tiếng Anh thường gặp nhất trong quá trình phỏng vấn xin việc. _Đi kèm 100 cặp câu hỏi đáp giúp bạn chuyển bị cho buổi phỏng vấn._Nội dung thiết kế dựa trên các giáo trình uy tín được đội ngũ giáo viên VOCA biên soạn.', 'Bạn học có dự định đi phỏng vấn hoặc vào làm ở các công ty nước ngoài._Người đi làm cần cải thiện khả năng Anh ngữ để ứng tuyển, phục vụ công việc hoặc thăng tiến.', 'Giúp bạn chuẩn bị hành trang ngôn ngữ khi đi phỏng vấn hoặc làm việc._Giúp bạn tăng khả năng giao tiếp và diễn đạt tiếng Anh._Giúp bạn cải thiện kỹ năng xử lý và tư duy khéo léo trong các tình huống thường gặp khi phỏng vấn.', 'PUBLIC', '/asset/img/course_thumb/other-way-003-1648537501.jpg', 9, 2),
(62, 'OTHER WAYS TO SAY: EXPANDING 2', 'Bộ câu gồm những cách nói khác nhau để thể hiện hoặc trình bày một nội dung, giúp ngôn ngữ của bạn phong phú và đa dạng hơn. ', 'Cung cấp 100 mẫu câu tiếng Anh thường gặp nhất trong quá trình phỏng vấn xin việc. _Đi kèm 100 cặp câu hỏi đáp giúp bạn chuyển bị cho buổi phỏng vấn._Nội dung thiết kế dựa trên các giáo trình uy tín được đội ngũ giáo viên VOCA biên soạn.', 'Bạn học có dự định đi phỏng vấn hoặc vào làm ở các công ty nước ngoài._Người đi làm cần cải thiện khả năng Anh ngữ để ứng tuyển, phục vụ công việc hoặc thăng tiến.', 'Giúp bạn chuẩn bị hành trang ngôn ngữ khi đi phỏng vấn hoặc làm việc._Giúp bạn tăng khả năng giao tiếp và diễn đạt tiếng Anh._Giúp bạn cải thiện kỹ năng xử lý và tư duy khéo léo trong các tình huống thường gặp khi phỏng vấn.', 'PUBLIC', '/asset/img/course_thumb/other-way-006-1648537476.jpg', 9, 2),
(63, 'ENGLISH SENTENCES FOR IDIOMS AND EXPRESSIONS 1', 'Khoá học English Sentences for Idioms and Expressions 1 sẽ cung cấp cho bạn học 150 thành ngữ và tục ngữ tiếng Anh thông dụng, được truyền tải dễ hiểu qua phương pháp học Câu với VOCABULARY. ', 'Cung cấp 150 mẫu câu với thành ngữ tiếng Anh phổ biến nhất trong giao tiếp. _Là khóa học đầu tiên trong dòng sản phẩm 300 Mẫu câu Thành ngữ tiếng Anh._Xây dựng dựa trên các giáo trình uy tín của Longman, Oxford và Cambridge.', 'Bạn học muốn nâng cấp trình độ tiếng Anh giao tiếp._Bạn học ôn thi các chứng chỉ muốn đạt điểm tốt ở phần thi Nghe-nói/Vấn đáp._Người đi làm cần cải thiện khả năng Anh ngữ để ứng tuyển, phục vụ công việc hoặc thăng tiến.', 'Giúp bạn nâng cao khả năng giao tiếp và ứng dụng ngay tiếng Anh vào cuộc sống hằng ngày._Giúp bạn tăng khả năng diễn đạt bằng tiếng Anh với thành ngữ trong 30 chủ đề và tình huống thông dụng._Giúp bạn tự tin giao tiếp, sử dụng ngôn ngữ tự nhiên như người bản xứ.', 'PUBLIC', '/asset/img/course_thumb/english-sentences-for-idioms-and-expressions-no1-1622541776.jpg', 9, 2),
(64, 'ENGLISH SENTENCES FOR IDIOMS AND EXPRESSIONS 2', 'Khoá học English Sentences for Idioms and Expressions 2 sẽ cung cấp cho bạn học 150 thành ngữ và tục ngữ tiếng Anh thông dụng, được truyền tải dễ hiểu qua phương pháp học Câu với VOCABULARY. ', 'Cung cấp 150 mẫu câu với thành ngữ tiếng Anh phổ biến nhất trong giao tiếp. _Là khóa học đầu tiên trong dòng sản phẩm 300 Mẫu câu Thành ngữ tiếng Anh._Xây dựng dựa trên các giáo trình uy tín của Longman, Oxford và Cambridge.', 'Bạn học muốn nâng cấp trình độ tiếng Anh giao tiếp._Bạn học ôn thi các chứng chỉ muốn đạt điểm tốt ở phần thi Nghe-nói/Vấn đáp._Người đi làm cần cải thiện khả năng Anh ngữ để ứng tuyển, phục vụ công việc hoặc thăng tiến.', 'Giúp bạn nâng cao khả năng giao tiếp và ứng dụng ngay tiếng Anh vào cuộc sống hằng ngày._Giúp bạn tăng khả năng diễn đạt bằng tiếng Anh với thành ngữ trong 30 chủ đề và tình huống thông dụng._Giúp bạn tự tin giao tiếp, sử dụng ngôn ngữ tự nhiên như người bản xứ.', 'PUBLIC', '/asset/img/course_thumb/english-sentences-for-idioms-and-expressions-no2-1622541799.jpg', 9, 2),
(65, 'SENTENCES FOR TOEIC PART 2', 'Khóa học với 160 mẫu câu hỏi thường gặp nhất trong phần II của bài thi TOEIC mới nhất cùng câu trả lời, giúp bạn làm quen và chuẩn bị cho kỳ thi. ', 'Cung cấp 160 mẫu câu hỏi thường gặp nhất trong Part II thuộc phần thi Nghe (Listening) đề thi TOEIC. _Đi kèm 160 câu trả lời và ngữ cảnh tương ứng được dùng trên thực tế cũng như xuất hiện trong bài thi._Nội dung thiết kế dựa trên các giáo trình uy tín của Viện Khảo thí giáo dục Hoa Kỳ (ETS).', 'Bạn học đang luyện thi chứng chỉ tiếng Anh TOEIC._Bạn học muốn phát triển tiếng Anh giao tiếp ở các lĩnh vực kinh tế, tài chính và văn phòng._Người đi làm cần cải thiện khả năng Anh ngữ để ứng tuyển, phục vụ công việc hoặc thăng tiến.', 'Giúp bạn làm quen và đạt điểm cao trong nhóm bài thứ hai thuộc phần thi Nghe của đề thi TOEIC._Giúp bạn tăng trung bình điểm thi hiện tại và đạt kết quả tốt trong kỳ thi TOEIC._Giúp bạn hình thành khả năng giao tiếp và ứng dụng ngay tiếng Anh vào cuộc sống hằng ngày. ', 'PUBLIC', '/asset/img/course_thumb/sentences-for-toeic-part-2-1650010397.jpg', 10, 2),
(66, 'SENTENCES FOR TOEIC PART 3', 'Khóa học với 260 mẫu câu hỏi thường gặp nhất trong phần III của bài thi TOEIC mới nhất cùng câu trả lời, giúp bạn làm quen và chuẩn bị cho kỳ thi. ', 'Cung cấp 160 mẫu câu hỏi thường gặp nhất trong Part II thuộc phần thi Nghe (Listening) đề thi TOEIC. _Đi kèm 160 câu trả lời và ngữ cảnh tương ứng được dùng trên thực tế cũng như xuất hiện trong bài thi._Nội dung thiết kế dựa trên các giáo trình uy tín của Viện Khảo thí giáo dục Hoa Kỳ (ETS).', 'Bạn học đang luyện thi chứng chỉ tiếng Anh TOEIC._Bạn học muốn phát triển tiếng Anh giao tiếp ở các lĩnh vực kinh tế, tài chính và văn phòng._Người đi làm cần cải thiện khả năng Anh ngữ để ứng tuyển, phục vụ công việc hoặc thăng tiến.', 'Giúp bạn làm quen và đạt điểm cao trong nhóm bài thứ hai thuộc phần thi Nghe của đề thi TOEIC._Giúp bạn tăng trung bình điểm thi hiện tại và đạt kết quả tốt trong kỳ thi TOEIC._Giúp bạn hình thành khả năng giao tiếp và ứng dụng ngay tiếng Anh vào cuộc sống hằng ngày. ', 'PUBLIC', '/asset/img/course_thumb/sentence-toeic-part-3-1653387401.jpg', 10, 2),
(67, 'SENTENCES FOR ENGLISH GRADE 3', 'Sentences For English Grade 3 sẽ cung cấp cho bạn hơn 140 câu tiếng Anh thông dụng dành riêng cho đối tượng là học sinh lớp 3. ', 'Cung cấp 140 mẫu câu tiếng Anh dành cho học sinh lớp 3._Xây dựng dựa theo chương trình sách giáo khoa mới (thí điểm) của Bộ GD-ĐT kết hợp cùng NXB Pearson.', 'Học sinh lớp 3 muốn cải thiện điểm số tiếng Anh trên trường lớp._Học sinh muốn tìm một phương pháp ghi nhớ từ vựng hiệu quả và nhanh chóng._Bố mẹ đang tìm một phương pháp giúp con học tiếng Anh.', 'Giúp bạn xây dựng vốn từ vựng bám sát chương trình học._Giúp bạn cải thiện điểm số và thành tích học tập trên lớp._Giúp bạn rút ngắn thời gian học tối ưu chỉ với 1/4 thời gian so với những cách học thông thường.', 'PUBLIC', '/asset/img/course_thumb/sentences-for-english-grade-3-1629799938.jpg', 11, 2),
(68, 'SENTENCES FOR ENGLISH GRADE 4', 'Sentences For English Grade 4 sẽ cung cấp cho bạn hơn 170 câu tiếng Anh thông dụng dành riêng cho đối tượng là học sinh lớp 4. ', 'Cung cấp 170 mẫu câu tiếng Anh dành cho học sinh lớp 4._Xây dựng dựa theo chương trình sách giáo khoa mới (thí điểm) của Bộ GD-ĐT kết hợp cùng NXB Pearson.', 'Học sinh lớp 3 muốn cải thiện điểm số tiếng Anh trên trường lớp._Học sinh muốn tìm một phương pháp ghi nhớ từ vựng hiệu quả và nhanh chóng._Bố mẹ đang tìm một phương pháp giúp con học tiếng Anh.', 'Giúp bạn xây dựng vốn từ vựng bám sát chương trình học._Giúp bạn cải thiện điểm số và thành tích học tập trên lớp._Giúp bạn rút ngắn thời gian học tối ưu chỉ với 1/4 thời gian so với những cách học thông thường.', 'PUBLIC', '/asset/img/course_thumb/sentences-for-english-grade-4-1629799910.jpg', 11, 2),
(69, 'SENTENCES FOR ENGLISH GRADE 5', 'Sentences For English Grade 5 sẽ cung cấp cho bạn hơn 190 câu tiếng Anh thông dụng dành riêng cho đối tượng là học sinh lớp 5. ', 'Cung cấp 190 mẫu câu tiếng Anh dành cho học sinh lớp 5._Xây dựng dựa theo chương trình sách giáo khoa mới (thí điểm) của Bộ GD-ĐT kết hợp cùng NXB Pearson.', 'Học sinh lớp 3 muốn cải thiện điểm số tiếng Anh trên trường lớp._Học sinh muốn tìm một phương pháp ghi nhớ từ vựng hiệu quả và nhanh chóng._Bố mẹ đang tìm một phương pháp giúp con học tiếng Anh.', 'Giúp bạn xây dựng vốn từ vựng bám sát chương trình học._Giúp bạn cải thiện điểm số và thành tích học tập trên lớp._Giúp bạn rút ngắn thời gian học tối ưu chỉ với 1/4 thời gian so với những cách học thông thường.', 'PUBLIC', '/asset/img/course_thumb/sentences-for-english-grade-5-1629799891.jpg', 11, 2),
(70, 'SENTENCES FOR ENGLISH GRADE 6', 'Những câu tiếng Anh thông dụng lớp 6 ', 'Cung cấp 190 mẫu câu tiếng Anh dành cho học sinh lớp 6._Xây dựng dựa theo chương trình sách giáo khoa mới (thí điểm) của Bộ GD-ĐT kết hợp cùng NXB Pearson.', 'Học sinh lớp 3 muốn cải thiện điểm số tiếng Anh trên trường lớp._Học sinh muốn tìm một phương pháp ghi nhớ từ vựng hiệu quả và nhanh chóng._Bố mẹ đang tìm một phương pháp giúp con học tiếng Anh.', 'Giúp bạn xây dựng vốn từ vựng bám sát chương trình học._Giúp bạn cải thiện điểm số và thành tích học tập trên lớp._Giúp bạn rút ngắn thời gian học tối ưu chỉ với 1/4 thời gian so với những cách học thông thường.', 'PUBLIC', '/asset/img/course_thumb/sentences-for-english-grade-6-1646880902.jpg', 11, 2),
(71, 'SENTENCES FOR ENGLISH GRADE 7', 'Những câu tiếng Anh thông dụng lớp 7 ', 'Cung cấp 190 mẫu câu tiếng Anh dành cho học sinh lớp 7._Xây dựng dựa theo chương trình sách giáo khoa mới (thí điểm) của Bộ GD-ĐT kết hợp cùng NXB Pearson.', 'Học sinh lớp 3 muốn cải thiện điểm số tiếng Anh trên trường lớp._Học sinh muốn tìm một phương pháp ghi nhớ từ vựng hiệu quả và nhanh chóng._Bố mẹ đang tìm một phương pháp giúp con học tiếng Anh.', 'Giúp bạn xây dựng vốn từ vựng bám sát chương trình học._Giúp bạn cải thiện điểm số và thành tích học tập trên lớp._Giúp bạn rút ngắn thời gian học tối ưu chỉ với 1/4 thời gian so với những cách học thông thường.', 'PUBLIC', '/asset/img/course_thumb/sentences-for-english-grade-7-1646880938.jpg', 11, 2),
(72, 'TALK WITH TENSES 1', 'Là khóa học đầu tiên trong bộ hai khóa học giúp bạn tiếp cận và sử dụng thành thạo các thì trong tiếng Anh thông qua các mẫu câu có tính ứng dụng cao trong giao tiếp của người bản ngữ, phù hợp với người học ở mọi trình độ tiếng Anh. ', 'Cung cấp 90 mẫu câu sử dụng 6 thì cơ bản nhất trong tiếng Anh. _Là khóa học đầu tiên trong dòng sản phẩm 200 Mẫu câu giúp bạn thông thạo thì tiếng Anh._Xây dựng dựa trên các giáo trình uy tín của Longman, Oxford và Cambridge.', 'Bạn gặp khó khăn trong việc xác định và sử dụng đúng thì trong tiếng Anh._Bạn học muốn nâng cấp trình độ tiếng Anh giao tiếp._Bạn học đang tìm một phương pháp học thì tiếng Anh dễ hiểu và có tính ứng dụng cao.', 'Giúp bạn ứng dụng chính xác 6 thì cơ bản trong tiếng Anh với 18 cách dùng._Giúp bạn tăng khả năng diễn đạt bằng tiếng Anh với thì trong những tình huống thông dụng._Giúp bạn tự tin giao tiếp, sử dụng ngôn ngữ tự nhiên như người bản xứ.', 'PUBLIC', '/asset/img/course_thumb/talk1.jpg', 12, 2),
(73, 'TALK WITH TENSES 2', 'Là khóa học thứ hai trong bộ hai khóa học giúp bạn tiếp cận và sử dụng thành thạo các thì trong tiếng Anh thông qua các mẫu câu có tính ứng dụng cao trong giao tiếp của người bản ngữ, phù hợp với người học ở mọi trình độ tiếng Anh. ', 'Cung cấp 90 mẫu câu sử dụng 6 thì cơ bản nhất trong tiếng Anh. _Là khóa học đầu tiên trong dòng sản phẩm 200 Mẫu câu giúp bạn thông thạo thì tiếng Anh._Xây dựng dựa trên các giáo trình uy tín của Longman, Oxford và Cambridge.', 'Bạn gặp khó khăn trong việc xác định và sử dụng đúng thì trong tiếng Anh._Bạn học muốn nâng cấp trình độ tiếng Anh giao tiếp._Bạn học đang tìm một phương pháp học thì tiếng Anh dễ hiểu và có tính ứng dụng cao.', 'Giúp bạn ứng dụng chính xác 6 thì cơ bản trong tiếng Anh với 18 cách dùng._Giúp bạn tăng khả năng diễn đạt bằng tiếng Anh với thì trong những tình huống thông dụng._Giúp bạn tự tin giao tiếp, sử dụng ngôn ngữ tự nhiên như người bản xứ.', 'PUBLIC', '/asset/img/course_thumb/talk2.jpg', 12, 2);

-- --------------------------------------------------------

--
-- Cấu trúc bảng cho bảng `course_category`
--

CREATE TABLE `course_category` (
  `id` int NOT NULL,
  `title` varchar(20) NOT NULL,
  `img` varchar(100) NOT NULL
) ENGINE=InnoDB DEFAULT CHARSET=utf8 COLLATE=utf8_general_ci;

--
-- Đang đổ dữ liệu cho bảng `course_category`
--

INSERT INTO `course_category` (`id`, `title`, `img`) VALUES
(1, 'Từ vựng', '/asset/img/home/container/category/vocabulary.svg'),
(2, 'Mẫu câu', '/asset/img/home/container/category/sentence.svg');

-- --------------------------------------------------------

--
-- Cấu trúc bảng cho bảng `course_group`
--

CREATE TABLE `course_group` (
  `id` int NOT NULL,
  `title` varchar(50) NOT NULL
) ENGINE=InnoDB DEFAULT CHARSET=utf8 COLLATE=utf8_general_ci;

--
-- Đang đổ dữ liệu cho bảng `course_group`
--

INSERT INTO `course_group` (`id`, `title`) VALUES
(1, 'Khóa học Miễn phí'),
(8, 'Khóa học theo Từ loại'),
(11, 'Mẫu câu cho Học sinh'),
(10, 'Mẫu câu chứng chỉ'),
(9, 'Mẫu câu Giao tiếp'),
(12, 'Mẫu câu Ngữ pháp'),
(5, 'Từ vựng cho Học sinh'),
(7, 'Từ vựng Chuyên ngành'),
(3, 'Từ vựng Giao tiếp'),
(2, 'Từ vựng theo chuẩn CEFR'),
(4, 'Từ vựng theo Chứng chỉ Quốc tế'),
(6, 'Từ vựng Thương mại, Kinh tế');

-- --------------------------------------------------------

--
-- Cấu trúc bảng cho bảng `course_level`
--

CREATE TABLE `course_level` (
  `id_course` int NOT NULL,
  `id_level` int NOT NULL
) ENGINE=InnoDB DEFAULT CHARSET=utf8 COLLATE=utf8_general_ci;

--
-- Đang đổ dữ liệu cho bảng `course_level`
--

INSERT INTO `course_level` (`id_course`, `id_level`) VALUES
(1, 1),
(2, 1),
(8, 1),
(9, 1),
(26, 1),
(27, 1),
(28, 1),
(41, 1),
(42, 1),
(52, 1),
(53, 1),
(54, 1),
(55, 1),
(57, 1),
(58, 1),
(67, 1),
(68, 1),
(69, 1),
(1, 2),
(3, 2),
(8, 2),
(9, 2),
(12, 2),
(16, 2),
(17, 2),
(20, 2),
(26, 2),
(27, 2),
(28, 2),
(29, 2),
(30, 2),
(31, 2),
(32, 2),
(34, 2),
(40, 2),
(41, 2),
(42, 2),
(44, 2),
(45, 2),
(46, 2),
(47, 2),
(50, 2),
(51, 2),
(52, 2),
(53, 2),
(54, 2),
(55, 2),
(57, 2),
(58, 2),
(65, 2),
(66, 2),
(67, 2),
(68, 2),
(69, 2),
(70, 2),
(71, 2),
(72, 2),
(73, 2),
(1, 3),
(4, 3),
(8, 3),
(9, 3),
(12, 3),
(15, 3),
(16, 3),
(17, 3),
(18, 3),
(19, 3),
(20, 3),
(23, 3),
(29, 3),
(30, 3),
(31, 3),
(32, 3),
(34, 3),
(35, 3),
(39, 3),
(40, 3),
(41, 3),
(42, 3),
(43, 3),
(44, 3),
(45, 3),
(46, 3),
(47, 3),
(48, 3),
(49, 3),
(50, 3),
(51, 3),
(52, 3),
(53, 3),
(54, 3),
(55, 3),
(56, 3),
(57, 3),
(58, 3),
(65, 3),
(66, 3),
(70, 3),
(71, 3),
(72, 3),
(73, 3),
(5, 4),
(8, 4),
(10, 4),
(12, 4),
(13, 4),
(15, 4),
(16, 4),
(17, 4),
(18, 4),
(19, 4),
(21, 4),
(24, 4),
(33, 4),
(35, 4),
(36, 4),
(39, 4),
(40, 4),
(41, 4),
(42, 4),
(43, 4),
(44, 4),
(45, 4),
(46, 4),
(47, 4),
(48, 4),
(49, 4),
(50, 4),
(55, 4),
(56, 4),
(59, 4),
(60, 4),
(63, 4),
(64, 4),
(65, 4),
(66, 4),
(72, 4),
(73, 4),
(6, 5),
(8, 5),
(10, 5),
(12, 5),
(13, 5),
(15, 5),
(16, 5),
(17, 5),
(18, 5),
(19, 5),
(21, 5),
(25, 5),
(33, 5),
(36, 5),
(37, 5),
(39, 5),
(40, 5),
(41, 5),
(42, 5),
(43, 5),
(44, 5),
(45, 5),
(46, 5),
(47, 5),
(48, 5),
(49, 5),
(55, 5),
(59, 5),
(60, 5),
(63, 5),
(64, 5),
(65, 5),
(66, 5),
(72, 5),
(73, 5),
(7, 6),
(11, 6),
(12, 6),
(14, 6),
(18, 6),
(22, 6),
(37, 6),
(38, 6),
(41, 6),
(42, 6),
(61, 6),
(62, 6),
(63, 6),
(64, 6),
(72, 6),
(73, 6),
(7, 7),
(14, 7),
(22, 7),
(38, 7),
(41, 7),
(42, 7),
(61, 7),
(62, 7),
(63, 7),
(64, 7);

-- --------------------------------------------------------

--
-- Cấu trúc bảng cho bảng `levels`
--

CREATE TABLE `levels` (
  `id` int NOT NULL,
  `title` varchar(20) NOT NULL,
  `description` varchar(100) NOT NULL,
  `img` varchar(100) NOT NULL
) ENGINE=InnoDB DEFAULT CHARSET=utf8 COLLATE=utf8_general_ci;

--
-- Đang đổ dữ liệu cho bảng `levels`
--

INSERT INTO `levels` (`id`, `title`, `description`, `img`) VALUES
(1, 'A0', 'Starter', '/asset/img/home/container/level/filter-a0.svg'),
(2, 'A1', 'Elementary', '/asset/img/home/container/level/filter-a1.svg'),
(3, 'A2', 'Pre-intermediate', '/asset/img/home/container/level/filter-a2.svg'),
(4, 'B1', 'Intermediate', '/asset/img/home/container/level/filter-b1.svg'),
(5, 'B2', 'Upper-intermediate', '/asset/img/home/container/level/filter-b2.svg'),
(6, 'C1', 'Advanced', '/asset/img/home/container/level/filter-c1.svg'),
(7, 'C2', 'Proficient', '/asset/img/home/container/level/filter-c2.svg');

-- --------------------------------------------------------

--
-- Cấu trúc bảng cho bảng `orders`
--

CREATE TABLE `orders` (
  `id` int NOT NULL,
  `status` enum('PENDING','ACTIVATED','EXPIRED') CHARACTER SET utf8 COLLATE utf8_general_ci DEFAULT NULL,
  `orderDate` date NOT NULL,
  `activeDate` date DEFAULT NULL,
  `id_user` varchar(36) CHARACTER SET utf8 COLLATE utf8_general_ci NOT NULL,
  `id_package` int NOT NULL
) ENGINE=InnoDB DEFAULT CHARSET=utf8 COLLATE=utf8_general_ci;

--
-- Đang đổ dữ liệu cho bảng `orders`
--

INSERT INTO `orders` (`id`, `status`, `orderDate`, `activeDate`, `id_user`, `id_package`) VALUES
(4, 'ACTIVATED', '2022-08-10', '2022-08-17', '1', 2),
(25, 'PENDING', '2022-08-10', NULL, 'e92eedc1-e7a8-4fb8-94d1-6245b8942d22', 1),
(26, 'ACTIVATED', '2022-08-12', '2022-08-12', 'fa453630-034a-47f0-bc0a-4622b5f6006f', 3);

-- --------------------------------------------------------

--
-- Cấu trúc bảng cho bảng `package`
--

CREATE TABLE `package` (
  `id` int NOT NULL,
  `title` varchar(50) CHARACTER SET utf8 COLLATE utf8_general_ci NOT NULL,
  `duration` int NOT NULL,
  `pricePerMonth` int NOT NULL,
  `description` text NOT NULL,
  `type` varchar(255) DEFAULT NULL
) ENGINE=InnoDB DEFAULT CHARSET=utf8 COLLATE=utf8_general_ci;

--
-- Đang đổ dữ liệu cho bảng `package`
--

INSERT INTO `package` (`id`, `title`, `duration`, `pricePerMonth`, `description`, `type`) VALUES
(1, 'Tài khoản học cao cấp PREMIUM 3 tháng', 3, 399000, 'Dành cho những bạn muốn học tiếng Anh cấp tốc trong ngắn hạn', 'short'),
(2, 'Tài khoản học cao cấp PREMIUM 12 tháng', 12, 166000, 'Dành cho những bạn có kế hoạch học tập tiếng Anh nghiêm túc', 'medium'),
(3, 'Tài khoản học cao cấp PREMIUM 36 tháng', 36, 99000, 'Dành cho những bạn có kế hoạch học tập tiếng Anh dài hạn', 'long');

-- --------------------------------------------------------

--
-- Cấu trúc bảng cho bảng `roles`
--

CREATE TABLE `roles` (
  `id` int NOT NULL,
  `name` varchar(20) CHARACTER SET utf8 COLLATE utf8_general_ci NOT NULL
) ENGINE=InnoDB DEFAULT CHARSET=utf8 COLLATE=utf8_general_ci;

--
-- Đang đổ dữ liệu cho bảng `roles`
--

INSERT INTO `roles` (`id`, `name`) VALUES
(7, 'ADMIN'),
(5, 'USER_NORMAL'),
(6, 'USER_VIP');

-- --------------------------------------------------------

--
-- Cấu trúc bảng cho bảng `sentence`
--

CREATE TABLE `sentence` (
  `id` int NOT NULL,
  `content` varchar(100) NOT NULL,
  `img` varchar(150) NOT NULL,
  `phonetic` varchar(100) NOT NULL,
  `vnSentence` varchar(100) NOT NULL,
  `senAudio` varchar(150) NOT NULL,
  `wordsAudio` varchar(150) NOT NULL,
  `wordsTimestamp` varchar(100) NOT NULL,
  `apply` varchar(150) NOT NULL,
  `enContextDesc` varchar(100) NOT NULL,
  `vnContextDesc` varchar(100) NOT NULL,
  `contextAudio` varchar(150) NOT NULL
) ENGINE=InnoDB DEFAULT CHARSET=utf8 COLLATE=utf8_general_ci;

--
-- Đang đổ dữ liệu cho bảng `sentence`
--

INSERT INTO `sentence` (`id`, `content`, `img`, `phonetic`, `vnSentence`, `senAudio`, `wordsAudio`, `wordsTimestamp`, `apply`, `enContextDesc`, `vnContextDesc`, `contextAudio`) VALUES
(1, 'My_name_is_Sarah_Carter.', '/asset/img/sen_thumb/f6959b8ca01c6b4b7cdf144cd9b1a372.jpg', 'maɪ_neɪm_ɪz_ˈseərə_kɑːrtər', 'Tên tôi là Sarah Carter.', '/asset/mp3/sentence/sentence/name-1.mp3', '/asset/mp3/sentence/words/name-1.mp3', '672_1490_2163_3150_4062', 'Dùng để giới thiệu tên của bản thân, cách nói này trang trọng hơn I am.', 'Ed is introduced to Sara for the first time.', '(Ed lần đầu tiên gặp mặt Sara.)', '/asset/mp3/sentence/context/name-1.mp3'),
(2, 'But_you_can_call_me_Eddie.', '/asset/img/sen_thumb/81fe7ad49fecdf8e5f31075b6aef4eb4.jpg', 'bʌt_juː_kæn_kɔːl_miː_ˈedi', 'Nhưng bạn có thể gọi tôi là Eddie.', '/asset/mp3/sentence/sentence/call-2.mp3', '/asset/mp3/sentence/words/call-2.mp3', '687_1309_2127_3000_3800_4614', 'Dùng để giới thiệu về tên gọi thân mật hoặc cách bản thân muốn được gọi khi xưng hô.', 'Ed is introduced to Sara for the first time.', '(Ed lần đầu tiên gặp mặt Sara.)', '/asset/mp3/sentence/context/call-2.mp3'),
(3, 'Id_like_you_to meet_my_friend.', '/asset/img/sen_thumb/ca9bd6c0ae3d5f86ea2c645eaa8fb7e9.jpg', 'aɪd_laɪk_juː_tuː miːt_maɪ_frend', 'Tôi muốn bạn gặp bạn của tôi.', '/asset/mp3/sentence/sentence/meet-3.mp3', '/asset/mp3/sentence/words/meet-3.mp3', '762_1581_2276_3115_4200_5335', 'Dùng để giới thiệu ai đó với người nghe nhằm giúp hai người kết thân.', 'Sarah is introducing Mary to Ed for the first time.', '(Sarah lần đầu giới thiệu Mary cho Ed.)', '/asset/mp3/sentence/context/meet-3.mp3'),
(4, 'Do_you_remember_me?', '/asset/img/sen_thumb/2098a4983c114ce9c982a5971b11a8f2.jpg', 'duː_juː_rɪˈmembər_miː', 'Bạn còn nhớ tôi không?', '/asset/mp3/sentence/sentence/remember-4.mp3', '/asset/mp3/sentence/words/remember-4.mp3', '746_1395_2324_3453', 'Dùng để giúp một người quen đã lâu không gặp gợi nhớ về mình.', 'Sara comes across Ed in the street.', '(Sara tình cờ bắt gặp Ed khi đang đi trên đường.)', '/asset/mp3/sentence/context/remember-4.mp3'),
(5, 'Ive_heard_great_things_about_you.', '/asset/img/sen_thumb/02e98ef752bfc9999b88d6a1a8c14242.jpg', 'aɪv_hɜːrd_ɡreɪt_θɪŋz_əˈbaʊt_juː', 'Tôi đã được nghe nói nhiều về bạn.', '/asset/mp3/sentence/sentence/heard-5.mp3', '/asset/mp3/sentence/words/heard-5.mp3', '790_1504_2362_3400_4400_5500', 'Dùng để thể hiện sự hiểu biết về người nghe, nhằm tạo thiện cảm trong lần gặp đầu tiên.', 'Sara is introducing Peter to Ed for the first time.', '(Sara lần đầu giới thiệu Peter cho Ed.)', '/asset/mp3/sentence/context/heard-5.mp3'),
(6, 'How many_people_are_there_in_your family?', '/asset/img/sen_thumb/c0b2f9a5b390f4e0cd91bc89a9bea37b.jpg', 'haʊ ˈmeni_ˈpiːpl_ɑːr_ðer_ɪn_jʊr ˈfæməli', 'Gia đình bạn có bao nhiêu thành viên?', '/asset/mp3/sentence/sentence/family-people-6.mp3', '/asset/mp3/sentence/words/family-people-6.mp3', '965_1657_2450_3500_3900_5153', 'Dùng để hỏi về số lượng người trong gia đình (riêng) của người nghe.', 'Will and Sara are having a conversation.', '(Will và Sara đang trò chuyện cùng nhau.)', '/asset/mp3/sentence/context/family-people-6.mp3'),
(7, 'Do_you_have_any_brothers_or_sisters?', '/asset/img/sen_thumb/ed06e2722ecd4365a82d35bfbf8bb345.jpg', 'duː_juː_hæv_ˈeni_ˈbrʌðərz_ɔːr_ˈsɪstərz', 'Bạn có anh chị em gì không?', '/asset/mp3/sentence/sentence/sibling-7.mp3', '/asset/mp3/sentence/words/sibling-7.mp3', '700_1283_1994_2700_3800_4400_5795', 'Dùng để xác nhận các mối quan hệ anh chị em (ruột) của người nghe.', 'Will and Sara are having a conversation.', '(Will và Sara đang trò chuyện cùng nhau.)', '/asset/mp3/sentence/context/sibling-7.mp3'),
(8, 'I_come_from_a_big_family.', '/asset/img/sen_thumb/68e1502ba5029927d03ac29bc2f719d0.jpg', 'aɪ_kʌm_frʌm_ə_bɪɡ_ˈfæməli', 'Tôi xuất thân từ một đại gia đình.', '/asset/mp3/sentence/sentence/family-8.mp3', '/asset/mp3/sentence/words/family-8.mp3', '575_1290_1997_2564_3321_4472', 'Dùng để giới thiệu khái quát về quy mô gia đình với nhiều thành viên của người nói.', 'Ed and Rosie are having a conversation.', '(Ed và Rosie đang trò chuyện cùng nhau.)', '/asset/mp3/sentence/context/family-8.mp3'),
(9, 'I_am_the_only_child.', '/asset/img/sen_thumb/c19c54af630add66e9d3ed8dac84cc23.jpg', 'aɪ_æm_ði_ˈəʊnli_tʃaɪld', 'Tôi là con một.', '/asset/mp3/sentence/sentence/child-9.mp3', '/asset/mp3/sentence/words/child-9.mp3', '540_1196_1729_2502_3733', 'Dùng để nói về một đối tượng không có anh chị em (ruột) trong gia đình.', 'Ed and Tina are having a conversation.', '(Ed và Tina đang trò chuyện cùng nhau.)', '/asset/mp3/sentence/context/child-9.mp3'),
(10, 'There_are_three_members_in_my_family.', '/asset/img/sen_thumb/cf164838bfa3e88038b09163b9e7cacb.jpg', 'ðer_ɑːr_θriː_ˈmembərz_ɪn_maɪ_ˈfæməli', 'Nhà tôi có tổng cộng ba thành viên.', '/asset/mp3/sentence/sentence/member-10.mp3', '/asset/mp3/sentence/words/member-10.mp3', '726_1392_2079_3100_3800_4800_5551', 'Dùng để giới thiệu cụ thể về số lượng thành viên trong gia đình của bản thân.', 'Ed and Emma are having a conversation.', '(Ed và Emma đang trò chuyện cùng nhau.)', '/asset/mp3/sentence/context/member-10.mp3'),
(11, 'Where_are_you_working_now?', '/asset/img/sen_thumb/01b9950ade3fa20fe9d751cc74ba155e.jpg', 'wer_ɑːr_juː_ˈwɜːrkɪŋ_naʊ', 'Bây giờ bạn đang làm ở đâu?', '/asset/mp3/sentence/sentence/working-11.mp3', '/asset/mp3/sentence/words/working-11.mp3', '743_1379_1964_2779_3815', 'Dùng để hỏi thăm về công việc hiện tại của người nghe.', 'Sara and Will meet by chance on the street.', '(Sara và Will tình cờ gặp nhau trên đường.)', '/asset/mp3/sentence/context/working-11.mp3'),
(12, 'Are_you_still_at_school?', '/asset/img/sen_thumb/30598fd0ed0c4d48bfecc1e14dbe12df.jpg', 'ɑːr_juː_stɪl_æt_skuːl', 'Bạn vẫn còn đi học phải không?', '/asset/mp3/sentence/sentence/school-12.mp3', '/asset/mp3/sentence/words/school-12.mp3', '608_1147_1943_2572_3671', 'Dùng để xác nhận rằng người nghe vẫn còn đi học.', 'Sara is asking after Ed.', '(Sara đang hỏi thăm về Ed.)', '/asset/mp3/sentence/context/school-12.mp3'),
(13, 'How long_have_you_been_doing_this job?', '/asset/img/sen_thumb/68da74adffcc891d13184f5637eef37b.jpg', 'haʊ lɔːŋ_hæv_juː_biːn_ˈduːɪŋ_ðɪs dʒɑːb', 'Bạn làm công việc này được bao lâu rồi?', '/asset/mp3/sentence/sentence/job-13.mp3', '/asset/mp3/sentence/words/job-13.mp3', '968_1705_2400_3150_4000_5126', 'Dùng để hỏi về thời gian người nghe làm một công việc được nhắc đến.', 'Ed is introduced to Lisa for the first time.', '(Ed lần đầu tiên gặp mặt Lisa.)', '/asset/mp3/sentence/context/job-13.mp3'),
(14, 'Do_you_work_in_an office?', '/asset/img/sen_thumb/aa7658066db0383621a0ddab21581801.jpg', 'duː_juː_wɜːrk_ɪn_ən ˈɑːfɪs', 'Bạn làm việc văn phòng phải không?', '/asset/mp3/sentence/sentence/office-14.mp3', '/asset/mp3/sentence/words/office-14.mp3', '671_1256_2000_2700_3683', 'Dùng để xác nhận về lĩnh vực công việc của người nghe.', 'Sara is asking after Ed.', '(Sara đang hỏi thăm về Ed.)', '/asset/mp3/sentence/context/office-14.mp3'),
(15, 'How_do_you_like_your_job?', '/asset/img/sen_thumb/2e879b8ae6bbe369fc7f2c8961c33b8b.jpg', 'haʊ_duː_juː_laɪk_jʊr_dʒɑːb', 'Bạn có thích công việc của mình không?', '/asset/mp3/sentence/sentence/like-15.mp3', '/asset/mp3/sentence/words/like-15.mp3', '621_1284_1939_2700_3500_4500', 'Dùng để hỏi về cảm nhận với công việc của người nghe.', 'Sara is asking after Adam.', '(Sara đang hỏi thăm về Adam.)', '/asset/mp3/sentence/context/like-15.mp3'),
(16, 'I_would_like_a_smaller_size.', '/asset/img/sen_thumb/643cec75a5d40e14a45e57771fdb7333.jpg', 'aɪ_wəd_laɪk_ə_ˈsmɔːlər_saɪz', 'Tôi muốn lấy mẫu này nhưng cỡ nhỏ hơn.', '/asset/mp3/sentence/sentence/size-16.mp3', '/asset/mp3/sentence/words/size-16.mp3', '540_1170_1824_2400_3400_4533', 'Dùng để yêu cầu một món đồ với kích cỡ nhỏ hơn.', 'Sara are talking to a shop assistant.', '(Sara đang nói chuyện cùng một người bán hàng)', '/asset/mp3/sentence/context/size-16.mp3'),
(17, 'Can_you_get_me_a longer_pair?', '/asset/img/sen_thumb/1ace0ac361be283e1205e1e1d432dc5c.jpg', 'kæn_juː_ɡet_miː_ə lɔːŋər_per', 'Bạn lấy giúp tôi cái dài hơn được không?', '/asset/mp3/sentence/sentence/longer-17.mp3', '/asset/mp3/sentence/words/longer-17.mp3', '759_1355_2200_2900_3800_4588', 'Dùng để yêu cầu người nghe lấy giúp hoặc cho xem sự vật được nhắc đến.', 'Ed is talking to a shop assistant.', '(Ed đang nói chuyện cùng một người bán hàng)', '/asset/mp3/sentence/context/longer-17.mp3'),
(18, 'Im_afraid_theyre_too_big_for_me.', '/asset/img/sen_thumb/73e0d0b567cfd7f8c5523e3cc2e62c1f.jpg', 'aɪm_əˈfreɪd_ðeɪ_tuː_bɪɡ_fɔːr_miː', 'Tôi e là cái này tôi mặc bị rộng.', '/asset/mp3/sentence/sentence/big-18.mp3', '/asset/mp3/sentence/words/big-18.mp3', '900_1800_2500_3200_4000_4900_5395', 'Dùng để than phiền về độ lớn của một món hàng, ngầm yêu cầu kích cỡ nhỏ hơn.', 'Will is talking to a shop assistant.', '(Will đang nói chuyện cùng một người bán hàng)', '/asset/mp3/sentence/context/big-18.mp3'),
(19, 'Do_you_have_a looser_one?', '/asset/img/sen_thumb/2cc4bc93d0cd40f087bd89fc673f3028.jpg', 'duː_juː_hæv_ə luːsər_wʌn', 'Bạn có cái này cỡ lớn hơn không?', '/asset/mp3/sentence/sentence/looser-19.mp3', '/asset/mp3/sentence/words/looser-19.mp3', '656_1276_1932_2883_3887', 'Dùng để yêu cầu một món hàng với kích cỡ lớn hơn.', 'Lisa is talking to a shop assistant.', '(Lisa đang nói chuyện cùng một người bán hàng)', '/asset/mp3/sentence/context/looser-19.mp3'),
(20, 'This_doesnt_fit.', '/asset/img/sen_thumb/0984f2bd54f243638e29f9bf145fda73.jpg', 'ðɪs_ˈdʌznt_fɪt', 'Cái này tôi mặc không vừa.', '/asset/mp3/sentence/sentence/fit-20.mp3', '/asset/mp3/sentence/words/fit-20.mp3', '741_1555_2629', 'Dùng để than phiền về một món hàng có kích cỡ không phù hợp (thường là nhỏ hơn).', 'Sara is talking to a shop assistant.', '(Sara đang nói chuyện cùng một người bán hàng)', '/asset/mp3/sentence/context/fit-20.mp3');

-- --------------------------------------------------------

--
-- Cấu trúc bảng cho bảng `sentence_topic`
--

CREATE TABLE `sentence_topic` (
  `id_topic` int NOT NULL,
  `id_sentence` int NOT NULL
) ENGINE=InnoDB DEFAULT CHARSET=utf8 COLLATE=utf8_general_ci;

--
-- Đang đổ dữ liệu cho bảng `sentence_topic`
--

INSERT INTO `sentence_topic` (`id_topic`, `id_sentence`) VALUES
(379, 1),
(383, 1),
(387, 1),
(391, 1),
(395, 1),
(399, 1),
(403, 1),
(407, 1),
(411, 1),
(415, 1),
(419, 1),
(423, 1),
(427, 1),
(431, 1),
(435, 1),
(439, 1),
(443, 1),
(447, 1),
(451, 1),
(379, 2),
(383, 2),
(387, 2),
(391, 2),
(395, 2),
(399, 2),
(403, 2),
(407, 2),
(411, 2),
(415, 2),
(419, 2),
(423, 2),
(427, 2),
(431, 2),
(435, 2),
(439, 2),
(443, 2),
(447, 2),
(451, 2),
(379, 3),
(383, 3),
(387, 3),
(391, 3),
(395, 3),
(399, 3),
(403, 3),
(407, 3),
(411, 3),
(415, 3),
(419, 3),
(423, 3),
(427, 3),
(431, 3),
(435, 3),
(439, 3),
(443, 3),
(447, 3),
(451, 3),
(379, 4),
(383, 4),
(387, 4),
(391, 4),
(395, 4),
(399, 4),
(403, 4),
(407, 4),
(411, 4),
(415, 4),
(419, 4),
(423, 4),
(427, 4),
(431, 4),
(435, 4),
(439, 4),
(443, 4),
(447, 4),
(451, 4),
(379, 5),
(383, 5),
(387, 5),
(391, 5),
(395, 5),
(399, 5),
(403, 5),
(407, 5),
(411, 5),
(415, 5),
(419, 5),
(423, 5),
(427, 5),
(431, 5),
(435, 5),
(439, 5),
(443, 5),
(447, 5),
(451, 5),
(380, 6),
(384, 6),
(388, 6),
(392, 6),
(396, 6),
(400, 6),
(404, 6),
(408, 6),
(412, 6),
(416, 6),
(420, 6),
(424, 6),
(428, 6),
(432, 6),
(436, 6),
(440, 6),
(444, 6),
(448, 6),
(452, 6),
(380, 7),
(384, 7),
(388, 7),
(392, 7),
(396, 7),
(400, 7),
(404, 7),
(408, 7),
(412, 7),
(416, 7),
(420, 7),
(424, 7),
(428, 7),
(432, 7),
(436, 7),
(440, 7),
(444, 7),
(448, 7),
(452, 7),
(380, 8),
(384, 8),
(388, 8),
(392, 8),
(396, 8),
(400, 8),
(404, 8),
(408, 8),
(412, 8),
(416, 8),
(420, 8),
(424, 8),
(428, 8),
(432, 8),
(436, 8),
(440, 8),
(444, 8),
(448, 8),
(452, 8),
(380, 9),
(384, 9),
(388, 9),
(392, 9),
(396, 9),
(400, 9),
(404, 9),
(408, 9),
(412, 9),
(416, 9),
(420, 9),
(424, 9),
(428, 9),
(432, 9),
(436, 9),
(440, 9),
(444, 9),
(448, 9),
(452, 9),
(380, 10),
(384, 10),
(388, 10),
(392, 10),
(396, 10),
(400, 10),
(404, 10),
(408, 10),
(412, 10),
(416, 10),
(420, 10),
(424, 10),
(428, 10),
(432, 10),
(436, 10),
(440, 10),
(444, 10),
(448, 10),
(452, 10),
(381, 11),
(385, 11),
(389, 11),
(393, 11),
(397, 11),
(401, 11),
(405, 11),
(409, 11),
(413, 11),
(417, 11),
(421, 11),
(425, 11),
(429, 11),
(433, 11),
(437, 11),
(441, 11),
(445, 11),
(449, 11),
(453, 11),
(381, 12),
(385, 12),
(389, 12),
(393, 12),
(397, 12),
(401, 12),
(405, 12),
(409, 12),
(413, 12),
(417, 12),
(421, 12),
(425, 12),
(429, 12),
(433, 12),
(437, 12),
(441, 12),
(445, 12),
(449, 12),
(453, 12),
(381, 13),
(385, 13),
(389, 13),
(393, 13),
(397, 13),
(401, 13),
(405, 13),
(409, 13),
(413, 13),
(417, 13),
(421, 13),
(425, 13),
(429, 13),
(433, 13),
(437, 13),
(441, 13),
(445, 13),
(449, 13),
(453, 13),
(381, 14),
(385, 14),
(389, 14),
(393, 14),
(397, 14),
(401, 14),
(405, 14),
(409, 14),
(413, 14),
(417, 14),
(421, 14),
(425, 14),
(429, 14),
(433, 14),
(437, 14),
(441, 14),
(445, 14),
(449, 14),
(453, 14),
(381, 15),
(385, 15),
(389, 15),
(393, 15),
(397, 15),
(401, 15),
(405, 15),
(409, 15),
(413, 15),
(417, 15),
(421, 15),
(425, 15),
(429, 15),
(433, 15),
(437, 15),
(441, 15),
(445, 15),
(449, 15),
(453, 15),
(382, 16),
(386, 16),
(390, 16),
(394, 16),
(398, 16),
(402, 16),
(406, 16),
(410, 16),
(414, 16),
(418, 16),
(422, 16),
(426, 16),
(430, 16),
(434, 16),
(438, 16),
(442, 16),
(446, 16),
(450, 16),
(454, 16),
(382, 17),
(386, 17),
(390, 17),
(394, 17),
(398, 17),
(402, 17),
(406, 17),
(410, 17),
(414, 17),
(418, 17),
(422, 17),
(426, 17),
(430, 17),
(434, 17),
(438, 17),
(442, 17),
(446, 17),
(450, 17),
(454, 17),
(382, 18),
(386, 18),
(390, 18),
(394, 18),
(398, 18),
(402, 18),
(406, 18),
(410, 18),
(414, 18),
(418, 18),
(422, 18),
(426, 18),
(430, 18),
(434, 18),
(438, 18),
(442, 18),
(446, 18),
(450, 18),
(454, 18),
(382, 19),
(386, 19),
(390, 19),
(394, 19),
(398, 19),
(402, 19),
(406, 19),
(410, 19),
(414, 19),
(418, 19),
(422, 19),
(426, 19),
(430, 19),
(434, 19),
(438, 19),
(442, 19),
(446, 19),
(450, 19),
(454, 19),
(382, 20),
(386, 20),
(390, 20),
(394, 20),
(398, 20),
(402, 20),
(406, 20),
(410, 20),
(414, 20),
(418, 20),
(422, 20),
(426, 20),
(430, 20),
(434, 20),
(438, 20),
(442, 20),
(446, 20),
(450, 20),
(454, 20);

-- --------------------------------------------------------

--
-- Cấu trúc bảng cho bảng `SPRING_SESSION`
--

CREATE TABLE `SPRING_SESSION` (
  `PRIMARY_ID` char(36) COLLATE utf8_general_ci NOT NULL,
  `SESSION_ID` char(36) COLLATE utf8_general_ci NOT NULL,
  `CREATION_TIME` bigint NOT NULL,
  `LAST_ACCESS_TIME` bigint NOT NULL,
  `MAX_INACTIVE_INTERVAL` int NOT NULL,
  `EXPIRY_TIME` bigint NOT NULL,
  `PRINCIPAL_NAME` varchar(100) COLLATE utf8_general_ci DEFAULT NULL
) ENGINE=InnoDB DEFAULT CHARSET=utf8 COLLATE=utf8_general_ci ROW_FORMAT=DYNAMIC;

--
-- Đang đổ dữ liệu cho bảng `SPRING_SESSION`
--

INSERT INTO `SPRING_SESSION` (`PRIMARY_ID`, `SESSION_ID`, `CREATION_TIME`, `LAST_ACCESS_TIME`, `MAX_INACTIVE_INTERVAL`, `EXPIRY_TIME`, `PRINCIPAL_NAME`) VALUES
('d9db3b5d-be93-49e4-a4c0-e05e6fa844f6', '257e5ae4-a038-41ed-a46d-36fd01074f5f', 1660895707211, 1660895710241, 1800, 1660897510241, NULL);

-- --------------------------------------------------------

--
-- Cấu trúc bảng cho bảng `SPRING_SESSION_ATTRIBUTES`
--

CREATE TABLE `SPRING_SESSION_ATTRIBUTES` (
  `SESSION_PRIMARY_ID` char(36) COLLATE utf8_general_ci NOT NULL,
  `ATTRIBUTE_NAME` varchar(200) COLLATE utf8_general_ci NOT NULL,
  `ATTRIBUTE_BYTES` blob NOT NULL
) ENGINE=InnoDB DEFAULT CHARSET=utf8 COLLATE=utf8_general_ci ROW_FORMAT=DYNAMIC;

-- --------------------------------------------------------

--
-- Cấu trúc bảng cho bảng `topic`
--

CREATE TABLE `topic` (
  `id` int NOT NULL,
  `title` text NOT NULL,
  `img` text NOT NULL,
  `id_course` int DEFAULT NULL
) ENGINE=InnoDB DEFAULT CHARSET=utf8 COLLATE=utf8_general_ci;

--
-- Đang đổ dữ liệu cho bảng `topic`
--

INSERT INTO `topic` (`id`, `title`, `img`, `id_course`) VALUES
(1, 'JOB', '/asset/img/word_thumb/architect.jpg', 1),
(2, 'LOVE', '/asset/img/word_thumb/romantic.jpg', 1),
(3, 'PLACE AROUND TOUND', '/asset/img/word_thumb/train_station.jpg', 1),
(4, 'HOLIDAYS', '/asset/img/word_thumb/reunion.jpg', 1),
(5, 'HOBBIES', '/asset/img/word_thumb/skiing.jpg', 1),
(6, 'ENTERTAINMENT', '/asset/img/word_thumb/play.jpg', 1),
(7, 'NATURE', '/asset/img/word_thumb/forest.jpg', 1),
(8, 'JOB', '/asset/img/word_thumb/architect.jpg', 2),
(9, 'LOVE', '/asset/img/word_thumb/romantic.jpg', 2),
(10, 'PLACE AROUND TOUND', '/asset/img/word_thumb/train_station.jpg', 2),
(11, 'HOLIDAYS', '/asset/img/word_thumb/reunion.jpg', 2),
(12, 'HOBBIES', '/asset/img/word_thumb/skiing.jpg', 2),
(13, 'ENTERTAINMENT', '/asset/img/word_thumb/play.jpg', 2),
(14, 'NATURE', '/asset/img/word_thumb/forest.jpg', 2),
(15, 'JOB', '/asset/img/word_thumb/architect.jpg', 3),
(16, 'LOVE', '/asset/img/word_thumb/romantic.jpg', 3),
(17, 'PLACE AROUND TOUND', '/asset/img/word_thumb/train_station.jpg', 3),
(18, 'HOLIDAYS', '/asset/img/word_thumb/reunion.jpg', 3),
(19, 'HOBBIES', '/asset/img/word_thumb/skiing.jpg', 3),
(20, 'ENTERTAINMENT', '/asset/img/word_thumb/play.jpg', 3),
(21, 'NATURE', '/asset/img/word_thumb/forest.jpg', 3),
(22, 'JOB', '/asset/img/word_thumb/architect.jpg', 4),
(23, 'LOVE', '/asset/img/word_thumb/romantic.jpg', 4),
(24, 'PLACE AROUND TOUND', '/asset/img/word_thumb/train_station.jpg', 4),
(25, 'HOLIDAYS', '/asset/img/word_thumb/reunion.jpg', 4),
(26, 'HOBBIES', '/asset/img/word_thumb/skiing.jpg', 4),
(27, 'ENTERTAINMENT', '/asset/img/word_thumb/play.jpg', 4),
(28, 'NATURE', '/asset/img/word_thumb/forest.jpg', 4),
(29, 'JOB', '/asset/img/word_thumb/architect.jpg', 5),
(30, 'LOVE', '/asset/img/word_thumb/romantic.jpg', 5),
(31, 'PLACE AROUND TOUND', '/asset/img/word_thumb/train_station.jpg', 5),
(32, 'HOLIDAYS', '/asset/img/word_thumb/reunion.jpg', 5),
(33, 'HOBBIES', '/asset/img/word_thumb/skiing.jpg', 5),
(34, 'ENTERTAINMENT', '/asset/img/word_thumb/play.jpg', 5),
(35, 'NATURE', '/asset/img/word_thumb/forest.jpg', 5),
(36, 'JOB', '/asset/img/word_thumb/architect.jpg', 6),
(37, 'LOVE', '/asset/img/word_thumb/romantic.jpg', 6),
(38, 'PLACE AROUND TOUND', '/asset/img/word_thumb/train_station.jpg', 6),
(39, 'HOLIDAYS', '/asset/img/word_thumb/reunion.jpg', 6),
(40, 'HOBBIES', '/asset/img/word_thumb/skiing.jpg', 6),
(41, 'ENTERTAINMENT', '/asset/img/word_thumb/play.jpg', 6),
(42, 'NATURE', '/asset/img/word_thumb/forest.jpg', 6),
(43, 'JOB', '/asset/img/word_thumb/architect.jpg', 7),
(44, 'LOVE', '/asset/img/word_thumb/romantic.jpg', 7),
(45, 'PLACE AROUND TOUND', '/asset/img/word_thumb/train_station.jpg', 7),
(46, 'HOLIDAYS', '/asset/img/word_thumb/reunion.jpg', 7),
(47, 'HOBBIES', '/asset/img/word_thumb/skiing.jpg', 7),
(48, 'ENTERTAINMENT', '/asset/img/word_thumb/play.jpg', 7),
(49, 'NATURE', '/asset/img/word_thumb/forest.jpg', 7),
(50, 'JOB', '/asset/img/word_thumb/architect.jpg', 8),
(51, 'LOVE', '/asset/img/word_thumb/romantic.jpg', 8),
(52, 'PLACE AROUND TOUND', '/asset/img/word_thumb/train_station.jpg', 8),
(53, 'HOLIDAYS', '/asset/img/word_thumb/reunion.jpg', 8),
(54, 'HOBBIES', '/asset/img/word_thumb/skiing.jpg', 8),
(55, 'ENTERTAINMENT', '/asset/img/word_thumb/play.jpg', 8),
(56, 'NATURE', '/asset/img/word_thumb/forest.jpg', 8),
(57, 'JOB', '/asset/img/word_thumb/architect.jpg', 9),
(58, 'LOVE', '/asset/img/word_thumb/romantic.jpg', 9),
(59, 'PLACE AROUND TOUND', '/asset/img/word_thumb/train_station.jpg', 9),
(60, 'HOLIDAYS', '/asset/img/word_thumb/reunion.jpg', 9),
(61, 'HOBBIES', '/asset/img/word_thumb/skiing.jpg', 9),
(62, 'ENTERTAINMENT', '/asset/img/word_thumb/play.jpg', 9),
(63, 'NATURE', '/asset/img/word_thumb/forest.jpg', 9),
(64, 'JOB', '/asset/img/word_thumb/architect.jpg', 10),
(65, 'LOVE', '/asset/img/word_thumb/romantic.jpg', 10),
(66, 'PLACE AROUND TOUND', '/asset/img/word_thumb/train_station.jpg', 10),
(67, 'HOLIDAYS', '/asset/img/word_thumb/reunion.jpg', 10),
(68, 'HOBBIES', '/asset/img/word_thumb/skiing.jpg', 10),
(69, 'ENTERTAINMENT', '/asset/img/word_thumb/play.jpg', 10),
(70, 'NATURE', '/asset/img/word_thumb/forest.jpg', 10),
(71, 'JOB', '/asset/img/word_thumb/architect.jpg', 11),
(72, 'LOVE', '/asset/img/word_thumb/romantic.jpg', 11),
(73, 'PLACE AROUND TOUND', '/asset/img/word_thumb/train_station.jpg', 11),
(74, 'HOLIDAYS', '/asset/img/word_thumb/reunion.jpg', 11),
(75, 'HOBBIES', '/asset/img/word_thumb/skiing.jpg', 11),
(76, 'ENTERTAINMENT', '/asset/img/word_thumb/play.jpg', 11),
(77, 'NATURE', '/asset/img/word_thumb/forest.jpg', 11),
(78, 'JOB', '/asset/img/word_thumb/architect.jpg', 12),
(79, 'LOVE', '/asset/img/word_thumb/romantic.jpg', 12),
(80, 'PLACE AROUND TOUND', '/asset/img/word_thumb/train_station.jpg', 12),
(81, 'HOLIDAYS', '/asset/img/word_thumb/reunion.jpg', 12),
(82, 'HOBBIES', '/asset/img/word_thumb/skiing.jpg', 12),
(83, 'ENTERTAINMENT', '/asset/img/word_thumb/play.jpg', 12),
(84, 'NATURE', '/asset/img/word_thumb/forest.jpg', 12),
(85, 'JOB', '/asset/img/word_thumb/architect.jpg', 13),
(86, 'LOVE', '/asset/img/word_thumb/romantic.jpg', 13),
(87, 'PLACE AROUND TOUND', '/asset/img/word_thumb/train_station.jpg', 13),
(88, 'HOLIDAYS', '/asset/img/word_thumb/reunion.jpg', 13),
(89, 'HOBBIES', '/asset/img/word_thumb/skiing.jpg', 13),
(90, 'ENTERTAINMENT', '/asset/img/word_thumb/play.jpg', 13),
(91, 'NATURE', '/asset/img/word_thumb/forest.jpg', 13),
(92, 'JOB', '/asset/img/word_thumb/architect.jpg', 14),
(93, 'LOVE', '/asset/img/word_thumb/romantic.jpg', 14),
(94, 'PLACE AROUND TOUND', '/asset/img/word_thumb/train_station.jpg', 14),
(95, 'HOLIDAYS', '/asset/img/word_thumb/reunion.jpg', 14),
(96, 'HOBBIES', '/asset/img/word_thumb/skiing.jpg', 14),
(97, 'ENTERTAINMENT', '/asset/img/word_thumb/play.jpg', 14),
(98, 'NATURE', '/asset/img/word_thumb/forest.jpg', 14),
(99, 'JOB', '/asset/img/word_thumb/architect.jpg', 15),
(100, 'LOVE', '/asset/img/word_thumb/romantic.jpg', 15),
(101, 'PLACE AROUND TOUND', '/asset/img/word_thumb/train_station.jpg', 15),
(102, 'HOLIDAYS', '/asset/img/word_thumb/reunion.jpg', 15),
(103, 'HOBBIES', '/asset/img/word_thumb/skiing.jpg', 15),
(104, 'ENTERTAINMENT', '/asset/img/word_thumb/play.jpg', 15),
(105, 'NATURE', '/asset/img/word_thumb/forest.jpg', 15),
(106, 'JOB', '/asset/img/word_thumb/architect.jpg', 16),
(107, 'LOVE', '/asset/img/word_thumb/romantic.jpg', 16),
(108, 'PLACE AROUND TOUND', '/asset/img/word_thumb/train_station.jpg', 16),
(109, 'HOLIDAYS', '/asset/img/word_thumb/reunion.jpg', 16),
(110, 'HOBBIES', '/asset/img/word_thumb/skiing.jpg', 16),
(111, 'ENTERTAINMENT', '/asset/img/word_thumb/play.jpg', 16),
(112, 'NATURE', '/asset/img/word_thumb/forest.jpg', 16),
(113, 'JOB', '/asset/img/word_thumb/architect.jpg', 17),
(114, 'LOVE', '/asset/img/word_thumb/romantic.jpg', 17),
(115, 'PLACE AROUND TOUND', '/asset/img/word_thumb/train_station.jpg', 17),
(116, 'HOLIDAYS', '/asset/img/word_thumb/reunion.jpg', 17),
(117, 'HOBBIES', '/asset/img/word_thumb/skiing.jpg', 17),
(118, 'ENTERTAINMENT', '/asset/img/word_thumb/play.jpg', 17),
(119, 'NATURE', '/asset/img/word_thumb/forest.jpg', 17),
(120, 'JOB', '/asset/img/word_thumb/architect.jpg', 18),
(121, 'LOVE', '/asset/img/word_thumb/romantic.jpg', 18),
(122, 'PLACE AROUND TOUND', '/asset/img/word_thumb/train_station.jpg', 18),
(123, 'HOLIDAYS', '/asset/img/word_thumb/reunion.jpg', 18),
(124, 'HOBBIES', '/asset/img/word_thumb/skiing.jpg', 18),
(125, 'ENTERTAINMENT', '/asset/img/word_thumb/play.jpg', 18),
(126, 'NATURE', '/asset/img/word_thumb/forest.jpg', 18),
(127, 'JOB', '/asset/img/word_thumb/architect.jpg', 19),
(128, 'LOVE', '/asset/img/word_thumb/romantic.jpg', 19),
(129, 'PLACE AROUND TOUND', '/asset/img/word_thumb/train_station.jpg', 19),
(130, 'HOLIDAYS', '/asset/img/word_thumb/reunion.jpg', 19),
(131, 'HOBBIES', '/asset/img/word_thumb/skiing.jpg', 19),
(132, 'ENTERTAINMENT', '/asset/img/word_thumb/play.jpg', 19),
(133, 'NATURE', '/asset/img/word_thumb/forest.jpg', 19),
(134, 'JOB', '/asset/img/word_thumb/architect.jpg', 20),
(135, 'LOVE', '/asset/img/word_thumb/romantic.jpg', 20),
(136, 'PLACE AROUND TOUND', '/asset/img/word_thumb/train_station.jpg', 20),
(137, 'HOLIDAYS', '/asset/img/word_thumb/reunion.jpg', 20),
(138, 'HOBBIES', '/asset/img/word_thumb/skiing.jpg', 20),
(139, 'ENTERTAINMENT', '/asset/img/word_thumb/play.jpg', 20),
(140, 'NATURE', '/asset/img/word_thumb/forest.jpg', 20),
(141, 'JOB', '/asset/img/word_thumb/architect.jpg', 21),
(142, 'LOVE', '/asset/img/word_thumb/romantic.jpg', 21),
(143, 'PLACE AROUND TOUND', '/asset/img/word_thumb/train_station.jpg', 21),
(144, 'HOLIDAYS', '/asset/img/word_thumb/reunion.jpg', 21),
(145, 'HOBBIES', '/asset/img/word_thumb/skiing.jpg', 21),
(146, 'ENTERTAINMENT', '/asset/img/word_thumb/play.jpg', 21),
(147, 'NATURE', '/asset/img/word_thumb/forest.jpg', 21),
(148, 'JOB', '/asset/img/word_thumb/architect.jpg', 22),
(149, 'LOVE', '/asset/img/word_thumb/romantic.jpg', 22),
(150, 'PLACE AROUND TOUND', '/asset/img/word_thumb/train_station.jpg', 22),
(151, 'HOLIDAYS', '/asset/img/word_thumb/reunion.jpg', 22),
(152, 'HOBBIES', '/asset/img/word_thumb/skiing.jpg', 22),
(153, 'ENTERTAINMENT', '/asset/img/word_thumb/play.jpg', 22),
(154, 'NATURE', '/asset/img/word_thumb/forest.jpg', 22),
(155, 'JOB', '/asset/img/word_thumb/architect.jpg', 23),
(156, 'LOVE', '/asset/img/word_thumb/romantic.jpg', 23),
(157, 'PLACE AROUND TOUND', '/asset/img/word_thumb/train_station.jpg', 23),
(158, 'HOLIDAYS', '/asset/img/word_thumb/reunion.jpg', 23),
(159, 'HOBBIES', '/asset/img/word_thumb/skiing.jpg', 23),
(160, 'ENTERTAINMENT', '/asset/img/word_thumb/play.jpg', 23),
(161, 'NATURE', '/asset/img/word_thumb/forest.jpg', 23),
(162, 'JOB', '/asset/img/word_thumb/architect.jpg', 24),
(163, 'LOVE', '/asset/img/word_thumb/romantic.jpg', 24),
(164, 'PLACE AROUND TOUND', '/asset/img/word_thumb/train_station.jpg', 24),
(165, 'HOLIDAYS', '/asset/img/word_thumb/reunion.jpg', 24),
(166, 'HOBBIES', '/asset/img/word_thumb/skiing.jpg', 24),
(167, 'ENTERTAINMENT', '/asset/img/word_thumb/play.jpg', 24),
(168, 'NATURE', '/asset/img/word_thumb/forest.jpg', 24),
(169, 'JOB', '/asset/img/word_thumb/architect.jpg', 25),
(170, 'LOVE', '/asset/img/word_thumb/romantic.jpg', 25),
(171, 'PLACE AROUND TOUND', '/asset/img/word_thumb/train_station.jpg', 25),
(172, 'HOLIDAYS', '/asset/img/word_thumb/reunion.jpg', 25),
(173, 'HOBBIES', '/asset/img/word_thumb/skiing.jpg', 25),
(174, 'ENTERTAINMENT', '/asset/img/word_thumb/play.jpg', 25),
(175, 'NATURE', '/asset/img/word_thumb/forest.jpg', 25),
(176, 'JOB', '/asset/img/word_thumb/architect.jpg', 26),
(177, 'LOVE', '/asset/img/word_thumb/romantic.jpg', 26),
(178, 'PLACE AROUND TOUND', '/asset/img/word_thumb/train_station.jpg', 26),
(179, 'HOLIDAYS', '/asset/img/word_thumb/reunion.jpg', 26),
(180, 'HOBBIES', '/asset/img/word_thumb/skiing.jpg', 26),
(181, 'ENTERTAINMENT', '/asset/img/word_thumb/play.jpg', 26),
(182, 'NATURE', '/asset/img/word_thumb/forest.jpg', 26),
(183, 'JOB', '/asset/img/word_thumb/architect.jpg', 27),
(184, 'LOVE', '/asset/img/word_thumb/romantic.jpg', 27),
(185, 'PLACE AROUND TOUND', '/asset/img/word_thumb/train_station.jpg', 27),
(186, 'HOLIDAYS', '/asset/img/word_thumb/reunion.jpg', 27),
(187, 'HOBBIES', '/asset/img/word_thumb/skiing.jpg', 27),
(188, 'ENTERTAINMENT', '/asset/img/word_thumb/play.jpg', 27),
(189, 'NATURE', '/asset/img/word_thumb/forest.jpg', 27),
(190, 'JOB', '/asset/img/word_thumb/architect.jpg', 28),
(191, 'LOVE', '/asset/img/word_thumb/romantic.jpg', 28),
(192, 'PLACE AROUND TOUND', '/asset/img/word_thumb/train_station.jpg', 28),
(193, 'HOLIDAYS', '/asset/img/word_thumb/reunion.jpg', 28),
(194, 'HOBBIES', '/asset/img/word_thumb/skiing.jpg', 28),
(195, 'ENTERTAINMENT', '/asset/img/word_thumb/play.jpg', 28),
(196, 'NATURE', '/asset/img/word_thumb/forest.jpg', 28),
(197, 'JOB', '/asset/img/word_thumb/architect.jpg', 29),
(198, 'LOVE', '/asset/img/word_thumb/romantic.jpg', 29),
(199, 'PLACE AROUND TOUND', '/asset/img/word_thumb/train_station.jpg', 29),
(200, 'HOLIDAYS', '/asset/img/word_thumb/reunion.jpg', 29),
(201, 'HOBBIES', '/asset/img/word_thumb/skiing.jpg', 29),
(202, 'ENTERTAINMENT', '/asset/img/word_thumb/play.jpg', 29),
(203, 'NATURE', '/asset/img/word_thumb/forest.jpg', 29),
(204, 'JOB', '/asset/img/word_thumb/architect.jpg', 30),
(205, 'LOVE', '/asset/img/word_thumb/romantic.jpg', 30),
(206, 'PLACE AROUND TOUND', '/asset/img/word_thumb/train_station.jpg', 30),
(207, 'HOLIDAYS', '/asset/img/word_thumb/reunion.jpg', 30),
(208, 'HOBBIES', '/asset/img/word_thumb/skiing.jpg', 30),
(209, 'ENTERTAINMENT', '/asset/img/word_thumb/play.jpg', 30),
(210, 'NATURE', '/asset/img/word_thumb/forest.jpg', 30),
(211, 'JOB', '/asset/img/word_thumb/architect.jpg', 31),
(212, 'LOVE', '/asset/img/word_thumb/romantic.jpg', 31),
(213, 'PLACE AROUND TOUND', '/asset/img/word_thumb/train_station.jpg', 31),
(214, 'HOLIDAYS', '/asset/img/word_thumb/reunion.jpg', 31),
(215, 'HOBBIES', '/asset/img/word_thumb/skiing.jpg', 31),
(216, 'ENTERTAINMENT', '/asset/img/word_thumb/play.jpg', 31),
(217, 'NATURE', '/asset/img/word_thumb/forest.jpg', 31),
(218, 'JOB', '/asset/img/word_thumb/architect.jpg', 32),
(219, 'LOVE', '/asset/img/word_thumb/romantic.jpg', 32),
(220, 'PLACE AROUND TOUND', '/asset/img/word_thumb/train_station.jpg', 32),
(221, 'HOLIDAYS', '/asset/img/word_thumb/reunion.jpg', 32),
(222, 'HOBBIES', '/asset/img/word_thumb/skiing.jpg', 32),
(223, 'ENTERTAINMENT', '/asset/img/word_thumb/play.jpg', 32),
(224, 'NATURE', '/asset/img/word_thumb/forest.jpg', 32),
(225, 'JOB', '/asset/img/word_thumb/architect.jpg', 33),
(226, 'LOVE', '/asset/img/word_thumb/romantic.jpg', 33),
(227, 'PLACE AROUND TOUND', '/asset/img/word_thumb/train_station.jpg', 33),
(228, 'HOLIDAYS', '/asset/img/word_thumb/reunion.jpg', 33),
(229, 'HOBBIES', '/asset/img/word_thumb/skiing.jpg', 33),
(230, 'ENTERTAINMENT', '/asset/img/word_thumb/play.jpg', 33),
(231, 'NATURE', '/asset/img/word_thumb/forest.jpg', 33),
(232, 'JOB', '/asset/img/word_thumb/architect.jpg', 34),
(233, 'LOVE', '/asset/img/word_thumb/romantic.jpg', 34),
(234, 'PLACE AROUND TOUND', '/asset/img/word_thumb/train_station.jpg', 34),
(235, 'HOLIDAYS', '/asset/img/word_thumb/reunion.jpg', 34),
(236, 'HOBBIES', '/asset/img/word_thumb/skiing.jpg', 34),
(237, 'ENTERTAINMENT', '/asset/img/word_thumb/play.jpg', 34),
(238, 'NATURE', '/asset/img/word_thumb/forest.jpg', 34),
(239, 'JOB', '/asset/img/word_thumb/architect.jpg', 35),
(240, 'LOVE', '/asset/img/word_thumb/romantic.jpg', 35),
(241, 'PLACE AROUND TOUND', '/asset/img/word_thumb/train_station.jpg', 35),
(242, 'HOLIDAYS', '/asset/img/word_thumb/reunion.jpg', 35),
(243, 'HOBBIES', '/asset/img/word_thumb/skiing.jpg', 35),
(244, 'ENTERTAINMENT', '/asset/img/word_thumb/play.jpg', 35),
(245, 'NATURE', '/asset/img/word_thumb/forest.jpg', 35),
(246, 'JOB', '/asset/img/word_thumb/architect.jpg', 36),
(247, 'LOVE', '/asset/img/word_thumb/romantic.jpg', 36),
(248, 'PLACE AROUND TOUND', '/asset/img/word_thumb/train_station.jpg', 36),
(249, 'HOLIDAYS', '/asset/img/word_thumb/reunion.jpg', 36),
(250, 'HOBBIES', '/asset/img/word_thumb/skiing.jpg', 36),
(251, 'ENTERTAINMENT', '/asset/img/word_thumb/play.jpg', 36),
(252, 'NATURE', '/asset/img/word_thumb/forest.jpg', 36),
(253, 'JOB', '/asset/img/word_thumb/architect.jpg', 37),
(254, 'LOVE', '/asset/img/word_thumb/romantic.jpg', 37),
(255, 'PLACE AROUND TOUND', '/asset/img/word_thumb/train_station.jpg', 37),
(256, 'HOLIDAYS', '/asset/img/word_thumb/reunion.jpg', 37),
(257, 'HOBBIES', '/asset/img/word_thumb/skiing.jpg', 37),
(258, 'ENTERTAINMENT', '/asset/img/word_thumb/play.jpg', 37),
(259, 'NATURE', '/asset/img/word_thumb/forest.jpg', 37),
(260, 'JOB', '/asset/img/word_thumb/architect.jpg', 38),
(261, 'LOVE', '/asset/img/word_thumb/romantic.jpg', 38),
(262, 'PLACE AROUND TOUND', '/asset/img/word_thumb/train_station.jpg', 38),
(263, 'HOLIDAYS', '/asset/img/word_thumb/reunion.jpg', 38),
(264, 'HOBBIES', '/asset/img/word_thumb/skiing.jpg', 38),
(265, 'ENTERTAINMENT', '/asset/img/word_thumb/play.jpg', 38),
(266, 'NATURE', '/asset/img/word_thumb/forest.jpg', 38),
(267, 'JOB', '/asset/img/word_thumb/architect.jpg', 39),
(268, 'LOVE', '/asset/img/word_thumb/romantic.jpg', 39),
(269, 'PLACE AROUND TOUND', '/asset/img/word_thumb/train_station.jpg', 39),
(270, 'HOLIDAYS', '/asset/img/word_thumb/reunion.jpg', 39),
(271, 'HOBBIES', '/asset/img/word_thumb/skiing.jpg', 39),
(272, 'ENTERTAINMENT', '/asset/img/word_thumb/play.jpg', 39),
(273, 'NATURE', '/asset/img/word_thumb/forest.jpg', 39),
(274, 'JOB', '/asset/img/word_thumb/architect.jpg', 40),
(275, 'LOVE', '/asset/img/word_thumb/romantic.jpg', 40),
(276, 'PLACE AROUND TOUND', '/asset/img/word_thumb/train_station.jpg', 40),
(277, 'HOLIDAYS', '/asset/img/word_thumb/reunion.jpg', 40),
(278, 'HOBBIES', '/asset/img/word_thumb/skiing.jpg', 40),
(279, 'ENTERTAINMENT', '/asset/img/word_thumb/play.jpg', 40),
(280, 'NATURE', '/asset/img/word_thumb/forest.jpg', 40),
(281, 'JOB', '/asset/img/word_thumb/architect.jpg', 41),
(282, 'LOVE', '/asset/img/word_thumb/romantic.jpg', 41),
(283, 'PLACE AROUND TOUND', '/asset/img/word_thumb/train_station.jpg', 41),
(284, 'HOLIDAYS', '/asset/img/word_thumb/reunion.jpg', 41),
(285, 'HOBBIES', '/asset/img/word_thumb/skiing.jpg', 41),
(286, 'ENTERTAINMENT', '/asset/img/word_thumb/play.jpg', 41),
(287, 'NATURE', '/asset/img/word_thumb/forest.jpg', 41),
(288, 'JOB', '/asset/img/word_thumb/architect.jpg', 42),
(289, 'LOVE', '/asset/img/word_thumb/romantic.jpg', 42),
(290, 'PLACE AROUND TOUND', '/asset/img/word_thumb/train_station.jpg', 42),
(291, 'HOLIDAYS', '/asset/img/word_thumb/reunion.jpg', 42),
(292, 'HOBBIES', '/asset/img/word_thumb/skiing.jpg', 42),
(293, 'ENTERTAINMENT', '/asset/img/word_thumb/play.jpg', 42),
(294, 'NATURE', '/asset/img/word_thumb/forest.jpg', 42),
(295, 'JOB', '/asset/img/word_thumb/architect.jpg', 43),
(296, 'LOVE', '/asset/img/word_thumb/romantic.jpg', 43),
(297, 'PLACE AROUND TOUND', '/asset/img/word_thumb/train_station.jpg', 43),
(298, 'HOLIDAYS', '/asset/img/word_thumb/reunion.jpg', 43),
(299, 'HOBBIES', '/asset/img/word_thumb/skiing.jpg', 43),
(300, 'ENTERTAINMENT', '/asset/img/word_thumb/play.jpg', 43),
(301, 'NATURE', '/asset/img/word_thumb/forest.jpg', 43),
(302, 'JOB', '/asset/img/word_thumb/architect.jpg', 44),
(303, 'LOVE', '/asset/img/word_thumb/romantic.jpg', 44),
(304, 'PLACE AROUND TOUND', '/asset/img/word_thumb/train_station.jpg', 44),
(305, 'HOLIDAYS', '/asset/img/word_thumb/reunion.jpg', 44),
(306, 'HOBBIES', '/asset/img/word_thumb/skiing.jpg', 44),
(307, 'ENTERTAINMENT', '/asset/img/word_thumb/play.jpg', 44),
(308, 'NATURE', '/asset/img/word_thumb/forest.jpg', 44),
(309, 'JOB', '/asset/img/word_thumb/architect.jpg', 45),
(310, 'LOVE', '/asset/img/word_thumb/romantic.jpg', 45),
(311, 'PLACE AROUND TOUND', '/asset/img/word_thumb/train_station.jpg', 45),
(312, 'HOLIDAYS', '/asset/img/word_thumb/reunion.jpg', 45),
(313, 'HOBBIES', '/asset/img/word_thumb/skiing.jpg', 45),
(314, 'ENTERTAINMENT', '/asset/img/word_thumb/play.jpg', 45),
(315, 'NATURE', '/asset/img/word_thumb/forest.jpg', 45),
(316, 'JOB', '/asset/img/word_thumb/architect.jpg', 46),
(317, 'LOVE', '/asset/img/word_thumb/romantic.jpg', 46),
(318, 'PLACE AROUND TOUND', '/asset/img/word_thumb/train_station.jpg', 46),
(319, 'HOLIDAYS', '/asset/img/word_thumb/reunion.jpg', 46),
(320, 'HOBBIES', '/asset/img/word_thumb/skiing.jpg', 46),
(321, 'ENTERTAINMENT', '/asset/img/word_thumb/play.jpg', 46),
(322, 'NATURE', '/asset/img/word_thumb/forest.jpg', 46),
(323, 'JOB', '/asset/img/word_thumb/architect.jpg', 47),
(324, 'LOVE', '/asset/img/word_thumb/romantic.jpg', 47),
(325, 'PLACE AROUND TOUND', '/asset/img/word_thumb/train_station.jpg', 47),
(326, 'HOLIDAYS', '/asset/img/word_thumb/reunion.jpg', 47),
(327, 'HOBBIES', '/asset/img/word_thumb/skiing.jpg', 47),
(328, 'ENTERTAINMENT', '/asset/img/word_thumb/play.jpg', 47),
(329, 'NATURE', '/asset/img/word_thumb/forest.jpg', 47),
(330, 'JOB', '/asset/img/word_thumb/architect.jpg', 48),
(331, 'LOVE', '/asset/img/word_thumb/romantic.jpg', 48),
(332, 'PLACE AROUND TOUND', '/asset/img/word_thumb/train_station.jpg', 48),
(333, 'HOLIDAYS', '/asset/img/word_thumb/reunion.jpg', 48),
(334, 'HOBBIES', '/asset/img/word_thumb/skiing.jpg', 48),
(335, 'ENTERTAINMENT', '/asset/img/word_thumb/play.jpg', 48),
(336, 'NATURE', '/asset/img/word_thumb/forest.jpg', 48),
(337, 'JOB', '/asset/img/word_thumb/architect.jpg', 49),
(338, 'LOVE', '/asset/img/word_thumb/romantic.jpg', 49),
(339, 'PLACE AROUND TOUND', '/asset/img/word_thumb/train_station.jpg', 49),
(340, 'HOLIDAYS', '/asset/img/word_thumb/reunion.jpg', 49),
(341, 'HOBBIES', '/asset/img/word_thumb/skiing.jpg', 49),
(342, 'ENTERTAINMENT', '/asset/img/word_thumb/play.jpg', 49),
(343, 'NATURE', '/asset/img/word_thumb/forest.jpg', 49),
(344, 'JOB', '/asset/img/word_thumb/architect.jpg', 50),
(345, 'LOVE', '/asset/img/word_thumb/romantic.jpg', 50),
(346, 'PLACE AROUND TOUND', '/asset/img/word_thumb/train_station.jpg', 50),
(347, 'HOLIDAYS', '/asset/img/word_thumb/reunion.jpg', 50),
(348, 'HOBBIES', '/asset/img/word_thumb/skiing.jpg', 50),
(349, 'ENTERTAINMENT', '/asset/img/word_thumb/play.jpg', 50),
(350, 'NATURE', '/asset/img/word_thumb/forest.jpg', 50),
(351, 'JOB', '/asset/img/word_thumb/architect.jpg', 51),
(352, 'LOVE', '/asset/img/word_thumb/romantic.jpg', 51),
(353, 'PLACE AROUND TOUND', '/asset/img/word_thumb/train_station.jpg', 51),
(354, 'HOLIDAYS', '/asset/img/word_thumb/reunion.jpg', 51),
(355, 'HOBBIES', '/asset/img/word_thumb/skiing.jpg', 51),
(356, 'ENTERTAINMENT', '/asset/img/word_thumb/play.jpg', 51),
(357, 'NATURE', '/asset/img/word_thumb/forest.jpg', 51),
(358, 'JOB', '/asset/img/word_thumb/architect.jpg', 52),
(359, 'LOVE', '/asset/img/word_thumb/romantic.jpg', 52),
(360, 'PLACE AROUND TOUND', '/asset/img/word_thumb/train_station.jpg', 52),
(361, 'HOLIDAYS', '/asset/img/word_thumb/reunion.jpg', 52),
(362, 'HOBBIES', '/asset/img/word_thumb/skiing.jpg', 52),
(363, 'ENTERTAINMENT', '/asset/img/word_thumb/play.jpg', 52),
(364, 'NATURE', '/asset/img/word_thumb/forest.jpg', 52),
(365, 'JOB', '/asset/img/word_thumb/architect.jpg', 53),
(366, 'LOVE', '/asset/img/word_thumb/romantic.jpg', 53),
(367, 'PLACE AROUND TOUND', '/asset/img/word_thumb/train_station.jpg', 53),
(368, 'HOLIDAYS', '/asset/img/word_thumb/reunion.jpg', 53),
(369, 'HOBBIES', '/asset/img/word_thumb/skiing.jpg', 53),
(370, 'ENTERTAINMENT', '/asset/img/word_thumb/play.jpg', 53),
(371, 'NATURE', '/asset/img/word_thumb/forest.jpg', 53),
(372, 'JOB', '/asset/img/word_thumb/architect.jpg', 54),
(373, 'LOVE', '/asset/img/word_thumb/romantic.jpg', 54),
(374, 'PLACE AROUND TOUND', '/asset/img/word_thumb/train_station.jpg', 54),
(375, 'HOLIDAYS', '/asset/img/word_thumb/reunion.jpg', 54),
(376, 'HOBBIES', '/asset/img/word_thumb/skiing.jpg', 54),
(377, 'ENTERTAINMENT', '/asset/img/word_thumb/play.jpg', 54),
(378, 'NATURE', '/asset/img/word_thumb/forest.jpg', 54),
(379, 'GET TO KNOW', '/asset/img/sen_thumb/f6959b8ca01c6b4b7cdf144cd9b1a372.jpg', 55),
(380, 'FAMILY', '/asset/img/sen_thumb/c0b2f9a5b390f4e0cd91bc89a9bea37b.jpg', 55),
(381, 'JOBS', '/asset/img/sen_thumb/01b9950ade3fa20fe9d751cc74ba155e.jpg', 55),
(382, 'SHOPPING', '/asset/img/sen_thumb/643cec75a5d40e14a45e57771fdb7333.jpg', 55),
(383, 'GET TO KNOW', '/asset/img/sen_thumb/f6959b8ca01c6b4b7cdf144cd9b1a372.jpg', 56),
(384, 'FAMILY', '/asset/img/sen_thumb/c0b2f9a5b390f4e0cd91bc89a9bea37b.jpg', 56),
(385, 'JOBS', '/asset/img/sen_thumb/01b9950ade3fa20fe9d751cc74ba155e.jpg', 56),
(386, 'SHOPPING', '/asset/img/sen_thumb/643cec75a5d40e14a45e57771fdb7333.jpg', 56),
(387, 'GET TO KNOW', '/asset/img/sen_thumb/f6959b8ca01c6b4b7cdf144cd9b1a372.jpg', 57),
(388, 'FAMILY', '/asset/img/sen_thumb/c0b2f9a5b390f4e0cd91bc89a9bea37b.jpg', 57),
(389, 'JOBS', '/asset/img/sen_thumb/01b9950ade3fa20fe9d751cc74ba155e.jpg', 57),
(390, 'SHOPPING', '/asset/img/sen_thumb/643cec75a5d40e14a45e57771fdb7333.jpg', 57),
(391, 'GET TO KNOW', '/asset/img/sen_thumb/f6959b8ca01c6b4b7cdf144cd9b1a372.jpg', 58),
(392, 'FAMILY', '/asset/img/sen_thumb/c0b2f9a5b390f4e0cd91bc89a9bea37b.jpg', 58),
(393, 'JOBS', '/asset/img/sen_thumb/01b9950ade3fa20fe9d751cc74ba155e.jpg', 58),
(394, 'SHOPPING', '/asset/img/sen_thumb/643cec75a5d40e14a45e57771fdb7333.jpg', 58),
(395, 'GET TO KNOW', '/asset/img/sen_thumb/f6959b8ca01c6b4b7cdf144cd9b1a372.jpg', 59),
(396, 'FAMILY', '/asset/img/sen_thumb/c0b2f9a5b390f4e0cd91bc89a9bea37b.jpg', 59),
(397, 'JOBS', '/asset/img/sen_thumb/01b9950ade3fa20fe9d751cc74ba155e.jpg', 59),
(398, 'SHOPPING', '/asset/img/sen_thumb/643cec75a5d40e14a45e57771fdb7333.jpg', 59),
(399, 'GET TO KNOW', '/asset/img/sen_thumb/f6959b8ca01c6b4b7cdf144cd9b1a372.jpg', 60),
(400, 'FAMILY', '/asset/img/sen_thumb/c0b2f9a5b390f4e0cd91bc89a9bea37b.jpg', 60),
(401, 'JOBS', '/asset/img/sen_thumb/01b9950ade3fa20fe9d751cc74ba155e.jpg', 60),
(402, 'SHOPPING', '/asset/img/sen_thumb/643cec75a5d40e14a45e57771fdb7333.jpg', 60),
(403, 'GET TO KNOW', '/asset/img/sen_thumb/f6959b8ca01c6b4b7cdf144cd9b1a372.jpg', 61),
(404, 'FAMILY', '/asset/img/sen_thumb/c0b2f9a5b390f4e0cd91bc89a9bea37b.jpg', 61),
(405, 'JOBS', '/asset/img/sen_thumb/01b9950ade3fa20fe9d751cc74ba155e.jpg', 61),
(406, 'SHOPPING', '/asset/img/sen_thumb/643cec75a5d40e14a45e57771fdb7333.jpg', 61),
(407, 'GET TO KNOW', '/asset/img/sen_thumb/f6959b8ca01c6b4b7cdf144cd9b1a372.jpg', 62),
(408, 'FAMILY', '/asset/img/sen_thumb/c0b2f9a5b390f4e0cd91bc89a9bea37b.jpg', 62),
(409, 'JOBS', '/asset/img/sen_thumb/01b9950ade3fa20fe9d751cc74ba155e.jpg', 62),
(410, 'SHOPPING', '/asset/img/sen_thumb/643cec75a5d40e14a45e57771fdb7333.jpg', 62),
(411, 'GET TO KNOW', '/asset/img/sen_thumb/f6959b8ca01c6b4b7cdf144cd9b1a372.jpg', 63),
(412, 'FAMILY', '/asset/img/sen_thumb/c0b2f9a5b390f4e0cd91bc89a9bea37b.jpg', 63),
(413, 'JOBS', '/asset/img/sen_thumb/01b9950ade3fa20fe9d751cc74ba155e.jpg', 63),
(414, 'SHOPPING', '/asset/img/sen_thumb/643cec75a5d40e14a45e57771fdb7333.jpg', 63),
(415, 'GET TO KNOW', '/asset/img/sen_thumb/f6959b8ca01c6b4b7cdf144cd9b1a372.jpg', 64),
(416, 'FAMILY', '/asset/img/sen_thumb/c0b2f9a5b390f4e0cd91bc89a9bea37b.jpg', 64),
(417, 'JOBS', '/asset/img/sen_thumb/01b9950ade3fa20fe9d751cc74ba155e.jpg', 64),
(418, 'SHOPPING', '/asset/img/sen_thumb/643cec75a5d40e14a45e57771fdb7333.jpg', 64),
(419, 'GET TO KNOW', '/asset/img/sen_thumb/f6959b8ca01c6b4b7cdf144cd9b1a372.jpg', 65),
(420, 'FAMILY', '/asset/img/sen_thumb/c0b2f9a5b390f4e0cd91bc89a9bea37b.jpg', 65),
(421, 'JOBS', '/asset/img/sen_thumb/01b9950ade3fa20fe9d751cc74ba155e.jpg', 65),
(422, 'SHOPPING', '/asset/img/sen_thumb/643cec75a5d40e14a45e57771fdb7333.jpg', 65),
(423, 'GET TO KNOW', '/asset/img/sen_thumb/f6959b8ca01c6b4b7cdf144cd9b1a372.jpg', 66),
(424, 'FAMILY', '/asset/img/sen_thumb/c0b2f9a5b390f4e0cd91bc89a9bea37b.jpg', 66),
(425, 'JOBS', '/asset/img/sen_thumb/01b9950ade3fa20fe9d751cc74ba155e.jpg', 66),
(426, 'SHOPPING', '/asset/img/sen_thumb/643cec75a5d40e14a45e57771fdb7333.jpg', 66),
(427, 'GET TO KNOW', '/asset/img/sen_thumb/f6959b8ca01c6b4b7cdf144cd9b1a372.jpg', 67),
(428, 'FAMILY', '/asset/img/sen_thumb/c0b2f9a5b390f4e0cd91bc89a9bea37b.jpg', 67),
(429, 'JOBS', '/asset/img/sen_thumb/01b9950ade3fa20fe9d751cc74ba155e.jpg', 67),
(430, 'SHOPPING', '/asset/img/sen_thumb/643cec75a5d40e14a45e57771fdb7333.jpg', 67),
(431, 'GET TO KNOW', '/asset/img/sen_thumb/f6959b8ca01c6b4b7cdf144cd9b1a372.jpg', 68),
(432, 'FAMILY', '/asset/img/sen_thumb/c0b2f9a5b390f4e0cd91bc89a9bea37b.jpg', 68),
(433, 'JOBS', '/asset/img/sen_thumb/01b9950ade3fa20fe9d751cc74ba155e.jpg', 68),
(434, 'SHOPPING', '/asset/img/sen_thumb/643cec75a5d40e14a45e57771fdb7333.jpg', 68),
(435, 'GET TO KNOW', '/asset/img/sen_thumb/f6959b8ca01c6b4b7cdf144cd9b1a372.jpg', 69),
(436, 'FAMILY', '/asset/img/sen_thumb/c0b2f9a5b390f4e0cd91bc89a9bea37b.jpg', 69),
(437, 'JOBS', '/asset/img/sen_thumb/01b9950ade3fa20fe9d751cc74ba155e.jpg', 69),
(438, 'SHOPPING', '/asset/img/sen_thumb/643cec75a5d40e14a45e57771fdb7333.jpg', 69),
(439, 'GET TO KNOW', '/asset/img/sen_thumb/f6959b8ca01c6b4b7cdf144cd9b1a372.jpg', 70),
(440, 'FAMILY', '/asset/img/sen_thumb/c0b2f9a5b390f4e0cd91bc89a9bea37b.jpg', 70),
(441, 'JOBS', '/asset/img/sen_thumb/01b9950ade3fa20fe9d751cc74ba155e.jpg', 70),
(442, 'SHOPPING', '/asset/img/sen_thumb/643cec75a5d40e14a45e57771fdb7333.jpg', 70),
(443, 'GET TO KNOW', '/asset/img/sen_thumb/f6959b8ca01c6b4b7cdf144cd9b1a372.jpg', 71),
(444, 'FAMILY', '/asset/img/sen_thumb/c0b2f9a5b390f4e0cd91bc89a9bea37b.jpg', 71),
(445, 'JOBS', '/asset/img/sen_thumb/01b9950ade3fa20fe9d751cc74ba155e.jpg', 71),
(446, 'SHOPPING', '/asset/img/sen_thumb/643cec75a5d40e14a45e57771fdb7333.jpg', 71),
(447, 'GET TO KNOW', '/asset/img/sen_thumb/f6959b8ca01c6b4b7cdf144cd9b1a372.jpg', 72),
(448, 'FAMILY', '/asset/img/sen_thumb/c0b2f9a5b390f4e0cd91bc89a9bea37b.jpg', 72),
(449, 'JOBS', '/asset/img/sen_thumb/01b9950ade3fa20fe9d751cc74ba155e.jpg', 72),
(450, 'SHOPPING', '/asset/img/sen_thumb/643cec75a5d40e14a45e57771fdb7333.jpg', 72),
(451, 'GET TO KNOW', '/asset/img/sen_thumb/f6959b8ca01c6b4b7cdf144cd9b1a372.jpg', 73),
(452, 'FAMILY', '/asset/img/sen_thumb/c0b2f9a5b390f4e0cd91bc89a9bea37b.jpg', 73),
(453, 'JOBS', '/asset/img/sen_thumb/01b9950ade3fa20fe9d751cc74ba155e.jpg', 73),
(454, 'SHOPPING', '/asset/img/sen_thumb/643cec75a5d40e14a45e57771fdb7333.jpg', 73);

-- --------------------------------------------------------

--
-- Cấu trúc bảng cho bảng `topic_discuss`
--

CREATE TABLE `topic_discuss` (
  `id` bigint NOT NULL,
  `content` varchar(300) NOT NULL,
  `timeAt` date NOT NULL,
  `id_parent` bigint DEFAULT NULL,
  `id_user` varchar(36) CHARACTER SET utf8 COLLATE utf8_general_ci NOT NULL,
  `id_topic` int NOT NULL,
  `idParent` bigint DEFAULT NULL
) ENGINE=InnoDB DEFAULT CHARSET=utf8 COLLATE=utf8_general_ci;

-- --------------------------------------------------------

--
-- Cấu trúc bảng cho bảng `users`
--

CREATE TABLE `users` (
  `id` varchar(36) CHARACTER SET utf8 COLLATE utf8_general_ci NOT NULL,
  `avatar` varchar(120) CHARACTER SET utf8 COLLATE utf8_general_ci DEFAULT NULL,
  `fullName` varchar(40) CHARACTER SET utf8 COLLATE utf8_general_ci NOT NULL,
  `email` varchar(30) NOT NULL,
  `password` varchar(64) CHARACTER SET utf8 COLLATE utf8_general_ci NOT NULL,
  `birth` date DEFAULT NULL,
  `startDate` date NOT NULL,
  `phone` varchar(255) DEFAULT NULL,
  `enabled` bit(1) NOT NULL,
  `verification_code` varchar(64) DEFAULT NULL
) ENGINE=InnoDB DEFAULT CHARSET=utf8 COLLATE=utf8_general_ci;

--
-- Đang đổ dữ liệu cho bảng `users`
--

INSERT INTO `users` (`id`, `avatar`, `fullName`, `email`, `password`, `birth`, `startDate`, `phone`, `enabled`, `verification_code`) VALUES
('1', '/upload/img/user/1.jpg', 'Trần Ngọc Quân', 'quan@gmail.com', '$2a$10$rgCh24IMjfCeIrUbgrDdBOAtB2qrhpKCjlIBQtxzDbCYEsa21HS8G', '1994-07-31', '2021-08-15', '0962367123', b'1', NULL),
('2de61445-72f8-4654-84b9-32ecf3d42874', '/asset/img/home/header/default_avt.png', 'Trần Xuân Bắc', 'bac@gmail.com', '$2a$10$Xqxb7hgj0IgGlu.cY4MZYuzWW8vyHgBUTUnpoFxBy/EZaq0a2FJJG', NULL, '2022-08-12', NULL, b'1', NULL),
('642b70a4-2776-4bfd-9088-ba3eb925fb7c', '/asset/img/home/header/default_avt.png', 'Admin', 'vocabulary@gmail.com', '$2a$10$YRIna2/zukGOvSk78BVXp.f6cNUYtqdCyBoWnlx7zy64jeKJBD3n.', NULL, '2022-08-13', NULL, b'1', NULL),
('7dd6efbe-b6b3-4c62-84f4-c927fad24fd3', '/asset/img/home/header/default_avt.png', 'Phạm Thị Ngọc', 'ngoc@gmail.com', '$2a$10$lQm79OFZyTPz7Tu0RRQqPOGqJm7ROMtBVH4kuXvYYnvMLkJnxrB7G', NULL, '2022-08-09', NULL, b'1', NULL),
('91da1904-8f5a-4814-b448-ce0a40ad7d90', '/asset/img/home/header/default_avt.png', 'Huyền Trang', 'trantrangbanhbeo2@gmail.com', '$2a$10$qkAnSinhSALa/O6dGRBR6OUyB9jp3DkzyK5GbJkqc1FaLKWe5mxwK', NULL, '2022-08-18', NULL, b'1', NULL),
('e92eedc1-e7a8-4fb8-94d1-6245b8942d22', '/asset/img/home/header/default_avt.png', 'Nguyễn Thị Nga', 'nga@gmail.com', '$2a$10$EItwie0hAZUfo1ezyqZCDeKQXoyeJBV7qSbQwk711NxvRTyhUQlV.', NULL, '2022-08-09', '0986351236', b'1', NULL),
('fa453630-034a-47f0-bc0a-4622b5f6006f', '/upload/img/user/fa453630-034a-47f0-bc0a-4622b5f6006f.jpg', 'Trần Thị Lan', 'lan@gmail.com', '$2a$10$u78q3k5xxjdg9V.YH24U1e.Tz8ueUZNzGf7BCvfM4TOlsNU/5ZCZm', NULL, '2022-08-08', '0983654111', b'1', NULL);

-- --------------------------------------------------------

--
-- Cấu trúc bảng cho bảng `user_course`
--

CREATE TABLE `user_course` (
  `id` bigint NOT NULL,
  `id_user` varchar(36) CHARACTER SET utf8 COLLATE utf8_general_ci NOT NULL,
  `id_course` int NOT NULL,
  `studiedAt` date DEFAULT NULL
) ENGINE=InnoDB DEFAULT CHARSET=utf8 COLLATE=utf8_general_ci;

--
-- Đang đổ dữ liệu cho bảng `user_course`
--

INSERT INTO `user_course` (`id`, `id_user`, `id_course`, `studiedAt`) VALUES
(25, '1', 2, '2022-08-11'),
(26, '1', 55, '2022-08-02'),
(27, '1', 3, '2022-08-16'),
(28, '1', 1, '2022-08-12'),
(29, '1', 56, '2022-08-06'),
(30, 'fa453630-034a-47f0-bc0a-4622b5f6006f', 1, '2022-08-10'),
(31, 'e92eedc1-e7a8-4fb8-94d1-6245b8942d22', 1, '2022-08-10'),
(32, 'fa453630-034a-47f0-bc0a-4622b5f6006f', 2, '2022-08-11');

-- --------------------------------------------------------

--
-- Cấu trúc bảng cho bảng `user_course_game`
--

CREATE TABLE `user_course_game` (
  `id` int NOT NULL,
  `id_user_course` bigint NOT NULL,
  `testTime` int NOT NULL
) ENGINE=InnoDB DEFAULT CHARSET=utf8 COLLATE=utf8_general_ci;

-- --------------------------------------------------------

--
-- Cấu trúc bảng cho bảng `user_role`
--

CREATE TABLE `user_role` (
  `id` int NOT NULL,
  `startDate` date NOT NULL,
  `dueDate` date DEFAULT NULL,
  `status` enum('ACTIVE','DISABLED') DEFAULT NULL,
  `id_role` int DEFAULT NULL,
  `id_user` varchar(36) CHARACTER SET utf8 COLLATE utf8_general_ci NOT NULL,
  `id_package` int DEFAULT NULL
) ENGINE=InnoDB DEFAULT CHARSET=utf8 COLLATE=utf8_general_ci;

--
-- Đang đổ dữ liệu cho bảng `user_role`
--

INSERT INTO `user_role` (`id`, `startDate`, `dueDate`, `status`, `id_role`, `id_user`, `id_package`) VALUES
(9, '2022-08-07', NULL, NULL, 6, '1', NULL),
(10, '2022-08-08', NULL, NULL, 6, 'fa453630-034a-47f0-bc0a-4622b5f6006f', NULL),
(11, '2022-08-09', NULL, NULL, 5, 'e92eedc1-e7a8-4fb8-94d1-6245b8942d22', NULL),
(12, '2022-08-09', NULL, NULL, 5, '7dd6efbe-b6b3-4c62-84f4-c927fad24fd3', NULL),
(13, '2022-08-12', NULL, NULL, 5, '2de61445-72f8-4654-84b9-32ecf3d42874', NULL),
(15, '2022-08-13', NULL, NULL, 7, '642b70a4-2776-4bfd-9088-ba3eb925fb7c', NULL),
(23, '2022-08-18', NULL, NULL, 5, '91da1904-8f5a-4814-b448-ce0a40ad7d90', NULL);

-- --------------------------------------------------------

--
-- Cấu trúc bảng cho bảng `user_topic`
--

CREATE TABLE `user_topic` (
  `id` bigint NOT NULL,
  `status` enum('PENDING','PASS','CONTINUE','NOW','LOCK','WAIT') CHARACTER SET utf8 COLLATE utf8_general_ci DEFAULT NULL,
  `id_user_course` bigint NOT NULL,
  `id_topic` int NOT NULL
) ENGINE=InnoDB DEFAULT CHARSET=utf8 COLLATE=utf8_general_ci;

--
-- Đang đổ dữ liệu cho bảng `user_topic`
--

INSERT INTO `user_topic` (`id`, `status`, `id_user_course`, `id_topic`) VALUES
(23, 'PASS', 25, 8),
(24, 'PASS', 28, 1),
(25, 'PASS', 28, 2),
(26, 'PENDING', 27, 15),
(27, 'PASS', 29, 383),
(28, 'NOW', 29, 384),
(29, 'NOW', 28, 3),
(30, 'PASS', 30, 1),
(31, 'NOW', 30, 2),
(32, 'PASS', 31, 1),
(33, 'NOW', 31, 2),
(34, 'NOW', 25, 9),
(35, 'PASS', 32, 8),
(36, 'NOW', 32, 9);

-- --------------------------------------------------------

--
-- Cấu trúc bảng cho bảng `user_topic_record`
--

CREATE TABLE `user_topic_record` (
  `id` bigint NOT NULL,
  `testTime` int DEFAULT NULL,
  `rightAnswers` int DEFAULT NULL,
  `totalAnswers` int NOT NULL,
  `stage` enum('FIRST','BEST','PREVIOUS','NOW') CHARACTER SET utf8 COLLATE utf8_general_ci NOT NULL,
  `id_user_topic` bigint NOT NULL
) ENGINE=InnoDB DEFAULT CHARSET=utf8 COLLATE=utf8_general_ci;

--
-- Đang đổ dữ liệu cho bảng `user_topic_record`
--

INSERT INTO `user_topic_record` (`id`, `testTime`, `rightAnswers`, `totalAnswers`, `stage`, `id_user_topic`) VALUES
(35, 0, 6, 12, 'FIRST', 23),
(36, 0, 6, 12, 'FIRST', 24),
(37, 40, 12, 12, 'NOW', 24),
(38, 0, 8, 12, 'FIRST', 25),
(39, 0, 7, 12, 'FIRST', 26),
(40, 0, 0, 0, 'FIRST', 27),
(41, 81, 15, 15, 'NOW', 27),
(42, 41, 12, 12, 'NOW', 25),
(43, 0, 8, 12, 'FIRST', 30),
(44, 39, 12, 12, 'NOW', 30),
(45, 0, 6, 12, 'FIRST', 32),
(46, 27, 12, 12, 'NOW', 32),
(47, 42, 12, 12, 'BEST', 32),
(48, 42, 12, 12, 'PREVIOUS', 32),
(49, 40, 12, 12, 'NOW', 23),
(50, 0, 9, 12, 'FIRST', 35),
(51, 31, 12, 12, 'NOW', 35);

-- --------------------------------------------------------

--
-- Cấu trúc bảng cho bảng `user_topic_sentence`
--

CREATE TABLE `user_topic_sentence` (
  `id` bigint NOT NULL,
  `questionTitle` varchar(100) CHARACTER SET utf8 COLLATE utf8_general_ci NOT NULL,
  `questionContent` varchar(100) COLLATE utf8_general_ci DEFAULT NULL,
  `answer` varchar(100) COLLATE utf8_general_ci NOT NULL,
  `userAnswer` varchar(150) COLLATE utf8_general_ci NOT NULL,
  `status` tinyint(1) NOT NULL,
  `id_user_topic` bigint NOT NULL
) ENGINE=InnoDB DEFAULT CHARSET=utf8 COLLATE=utf8_general_ci;

--
-- Đang đổ dữ liệu cho bảng `user_topic_sentence`
--

INSERT INTO `user_topic_sentence` (`id`, `questionTitle`, `questionContent`, `answer`, `userAnswer`, `status`, `id_user_topic`) VALUES
(31, 'Chọn câu văn đúng theo gợi ý sau:', 'Bạn còn nhớ tôi không?', 'Do you remember me?', 'Do you remember me?', 1, 27),
(32, 'Chọn ý nghĩa đúng của câu văn sau:', 'My name is Sarah Carter.', 'Tên tôi là Sarah Carter.', 'Tên tôi là Sarah Carter.', 1, 27),
(33, 'Nghe và chọn nghĩa đúng của câu:', '', 'Nhưng bạn có thể gọi tôi là Eddie.', 'Nhưng bạn có thể gọi tôi là Eddie.', 1, 27),
(34, 'Chọn câu văn còn thiếu trong ngữ cảnh sau:', '', 'Id like you to meet my friend.', 'Id like you to meet my friend.', 1, 27),
(35, 'Nghe và chọn nghĩa đúng của câu:', '', 'Tên tôi là Sarah Carter.', 'Tên tôi là Sarah Carter.', 1, 27),
(36, 'Nghe và viết lại câu văn hoàn chỉnh với gợi ý:', 'Tôi đã được nghe nói nhiều về bạn.', 'Ive heard great things about you.', 'Ive heard great things about you.', 1, 27),
(37, 'Nghe và viết lại câu văn hoàn chỉnh với gợi ý:', 'Bạn còn nhớ tôi không?', 'Do you remember me?', 'Do you remember me?', 1, 27),
(38, 'Chọn ý nghĩa đúng của câu văn sau:', 'But you can call me Eddie.', 'Nhưng bạn có thể gọi tôi là Eddie.', 'Nhưng bạn có thể gọi tôi là Eddie.', 1, 27),
(39, 'Chọn câu văn phù hợp với cách dùng sau:', 'Dùng để thể hiện sự hiểu biết về người nghe, nhằm tạo thiện cảm trong lần gặp đầu tiên.', 'Ive heard great things about you.', 'Ive heard great things about you.', 1, 27),
(40, 'Chọn câu văn phù hợp với cách dùng sau:', 'Dùng để giới thiệu tên của bản thân, cách nói này trang trọng hơn I am.', 'My name is Sarah Carter.', 'My name is Sarah Carter.', 1, 27),
(41, 'Chọn câu văn đúng theo gợi ý sau:', 'Tôi muốn bạn gặp bạn của tôi.', 'Id like you to meet my friend.', 'Id like you to meet my friend.', 1, 27),
(42, 'Viết hoàn chỉnh câu văn theo phiên âm sau:', 'aɪv hɜːrd ɡreɪt θɪŋz əˈbaʊt juː', 'Ive heard great things about you.', 'Ive heard great things about you.', 1, 27),
(43, 'Sắp xếp những từ sau thành câu hoàn chỉnh theo gợi ý:', 'Tôi muốn bạn gặp bạn của tôi.', 'Id like you to meet my friend.', 'Id like you to meet my friend.', 1, 27),
(44, 'Viết hoàn chỉnh câu văn theo phiên âm sau:', 'duː juː rɪˈmembər miː', 'Do you remember me?', 'Do you remember me?', 1, 27),
(45, 'Sắp xếp những từ sau thành câu hoàn chỉnh theo gợi ý:', 'Nhưng bạn có thể gọi tôi là Eddie.', 'But you can call me Eddie.', 'But you can call me Eddie.', 1, 27);

-- --------------------------------------------------------

--
-- Cấu trúc bảng cho bảng `user_topic_vocab`
--

CREATE TABLE `user_topic_vocab` (
  `id` bigint NOT NULL,
  `status` tinyint(1) NOT NULL,
  `id_user_topic` bigint NOT NULL,
  `id_vocab` int NOT NULL,
  `learn` tinyint(1) DEFAULT '0'
) ENGINE=InnoDB DEFAULT CHARSET=utf8 COLLATE=utf8_general_ci;

--
-- Đang đổ dữ liệu cho bảng `user_topic_vocab`
--

INSERT INTO `user_topic_vocab` (`id`, `status`, `id_user_topic`, `id_vocab`, `learn`) VALUES
(250, 1, 23, 1, 1),
(251, 1, 23, 2, 1),
(252, 1, 23, 3, 1),
(253, 1, 23, 4, 1),
(254, 1, 23, 5, 1),
(255, 1, 23, 6, 1),
(256, 1, 23, 7, 1),
(257, 1, 23, 8, 1),
(258, 1, 23, 9, 1),
(259, 1, 23, 10, 1),
(260, 1, 23, 11, 1),
(261, 1, 23, 12, 1),
(262, 1, 24, 1, 1),
(263, 1, 24, 2, 0),
(264, 1, 24, 3, 0),
(265, 1, 24, 4, 0),
(266, 1, 24, 5, 0),
(267, 1, 24, 6, 0),
(268, 1, 24, 7, 0),
(269, 1, 24, 8, 0),
(270, 1, 24, 9, 0),
(271, 1, 24, 10, 0),
(272, 1, 24, 11, 0),
(273, 1, 24, 12, 0),
(274, 1, 25, 13, 1),
(275, 1, 25, 14, 0),
(276, 1, 25, 15, 0),
(277, 1, 25, 16, 0),
(278, 1, 25, 17, 0),
(279, 1, 25, 18, 0),
(280, 1, 25, 19, 0),
(281, 1, 25, 20, 0),
(282, 1, 25, 21, 0),
(283, 1, 25, 22, 0),
(284, 1, 25, 23, 0),
(285, 1, 25, 24, 0),
(286, 1, 26, 1, 0),
(287, 0, 26, 2, 1),
(288, 1, 26, 3, 0),
(289, 0, 26, 4, 1),
(290, 1, 26, 5, 0),
(291, 0, 26, 6, 1),
(292, 1, 26, 7, 0),
(293, 0, 26, 8, 1),
(294, 1, 26, 9, 0),
(295, 0, 26, 10, 1),
(296, 1, 26, 11, 0),
(297, 1, 26, 12, 0),
(298, 1, 30, 1, 0),
(299, 1, 30, 2, 1),
(300, 1, 30, 3, 0),
(301, 1, 30, 4, 1),
(302, 1, 30, 5, 0),
(303, 1, 30, 6, 0),
(304, 1, 30, 7, 0),
(305, 1, 30, 8, 0),
(306, 1, 30, 9, 1),
(307, 1, 30, 10, 0),
(308, 1, 30, 11, 1),
(309, 1, 30, 12, 0),
(310, 1, 32, 1, 0),
(311, 1, 32, 2, 1),
(312, 1, 32, 3, 0),
(313, 1, 32, 4, 0),
(314, 1, 32, 5, 0),
(315, 1, 32, 6, 0),
(316, 1, 32, 7, 0),
(317, 1, 32, 8, 0),
(318, 1, 32, 9, 0),
(319, 1, 32, 10, 0),
(320, 1, 32, 11, 0),
(321, 1, 32, 12, 0),
(322, 1, 35, 1, 0),
(323, 1, 35, 2, 1),
(324, 1, 35, 3, 0),
(325, 1, 35, 4, 0),
(326, 1, 35, 5, 0),
(327, 1, 35, 6, 0),
(328, 1, 35, 7, 0),
(329, 1, 35, 8, 0),
(330, 1, 35, 9, 0),
(331, 1, 35, 10, 0),
(332, 1, 35, 11, 0),
(333, 1, 35, 12, 0);

-- --------------------------------------------------------

--
-- Cấu trúc bảng cho bảng `vocab`
--

CREATE TABLE `vocab` (
  `id` int NOT NULL,
  `word` varchar(40) CHARACTER SET utf8 COLLATE utf8_general_ci NOT NULL,
  `img` varchar(100) NOT NULL,
  `type` varchar(10) NOT NULL,
  `audio` varchar(100) NOT NULL,
  `phonetic` varchar(40) CHARACTER SET utf8 COLLATE utf8_general_ci NOT NULL,
  `enMeaning` varchar(200) CHARACTER SET utf8 COLLATE utf8_general_ci NOT NULL,
  `vnMeaning` varchar(200) CHARACTER SET utf8 COLLATE utf8_general_ci NOT NULL,
  `enSentence` varchar(200) CHARACTER SET utf8 COLLATE utf8_general_ci NOT NULL,
  `vnSentence` varchar(200) CHARACTER SET utf8 COLLATE utf8_general_ci NOT NULL,
  `senAudio` varchar(100) NOT NULL
) ENGINE=InnoDB DEFAULT CHARSET=utf8 COLLATE=utf8_general_ci;

--
-- Đang đổ dữ liệu cho bảng `vocab`
--

INSERT INTO `vocab` (`id`, `word`, `img`, `type`, `audio`, `phonetic`, `enMeaning`, `vnMeaning`, `enSentence`, `vnSentence`, `senAudio`) VALUES
(1, 'accountant', '/asset/img/word_thumb/accountant.jpg', '(n)', '/asset/mp3/word_pronunciation/accountant.mp3', '/əˈkaʊntənt/', 'a person whose job is to keep or check financial accounts', 'kế toán viên', 'Her husband is an _accountant_  of her company.', 'Người chồng chính là kế toán viên của công ty cô ta.', '/asset/mp3/word_sentence/accountant.mp3'),
(2, 'actor', '/asset/img/word_thumb/actor.jpg', '(n)', '/asset/mp3/word_pronunciation/actor.mp3', '/ˈæktər/', 'a man who performs on the stage, on television or in films, especially as a profession', 'nam diễn viên', 'Whos your favourite _actor_ ?', 'Nam diễn viên yêu thích của bạn là ai?', '/asset/mp3/word_sentence/actor.mp3'),
(3, 'actress', '/asset/img/word_thumb/actress.jpg', '(n)', '/asset/mp3/word_pronunciation/actress.mp3', '/ˈæktrəs/', 'a woman who performs on the stage, on television or in films, especially as a profession', 'nữ diễn viên', 'Shes the highest-paid _actress_ in Hollywood.', 'Cô ấy là nữ diễn viên được trả cát-xê cao nhất ở Hollywood.', '/asset/mp3/word_sentence/actress.mp3'),
(4, 'architect', '/asset/img/word_thumb/architect.jpg', '(n)', '/asset/mp3/word_pronunciation/architect.mp3', '/ˈɑːrkɪtekt/', 'a person whose job is designing buildings', 'kiến trúc sư', 'He is the _architect_ who planned the new shopping centre.', 'Ông ấy là kiến trúc sư thiết kế ra khu trung tâm thương mại mới.', '/asset/mp3/word_sentence/architect.mp3'),
(5, 'artist', '/asset/img/word_thumb/artist.jpg', '(n)', '/asset/mp3/word_pronunciation/artist.mp3', '/ˈɑːrtɪst/', 'a person who creates works of art, especially paintings or drawings', 'họa sĩ', 'Monet is one of my favourite _artists_.', 'Monet là một trong những họa sĩ yêu thích của tôi.', '/asset/mp3/word_sentence/artist.mp3'),
(6, 'babysitter', '/asset/img/word_thumb/babysitter.jpg', '(n)', '/asset/mp3/word_pronunciation/babysitter.mp3', '/ˈbeɪbisɪtər/', 'a person who takes care of babies or children while their parents are away from home and is usually paid to do this', 'người giữ trẻ', 'I promised the _babysitter_ that wed be home by midnight.', 'Tôi đã hứa với người giữ trẻ rằng chúng tôi sẽ về nhà lúc nửa đêm.', '/asset/mp3/word_sentence/babysitter.mp3'),
(7, 'baker', '/asset/img/word_thumb/baker.jpg', '(n)', '/asset/mp3/word_pronunciation/baker.mp3', '/ˈbeɪkər/', 'a person whose job is baking and selling bread and cakes', 'thợ làm bánh\r\n', 'Peter is the best _baker_ in town.', 'Peter là thợ làm bánh giỏi nhất trong thị trấn.', '/asset/mp3/word_sentence/baker.mp3'),
(8, 'barber', '/asset/img/word_thumb/barber.jpg', '(n)', '/asset/mp3/word_pronunciation/barber.mp3', '/ˈbɑːrbər/', 'a person whose job is to cut men’s hair and sometimes to shave them', 'thợ cắt tóc', 'Our hair salon should hire a skilled _barber_.', 'Tiệm cắt tóc của chúng tôi cần tuyển một thợ hớt tóc có tay nghề.', '/asset/mp3/word_sentence/barber.mp3'),
(9, 'homemaker', '/asset/img/word_thumb/homemaker.jpg', '(n)', '/asset/mp3/word_pronunciation/homemaker.mp3', '/ˈhəʊmmeɪkər/', 'a person, especially a woman, who manages a home and takes care of the house and family', 'người nội trợ', 'My mother is a good _homemaker_.', 'Mẹ tôi là một người nội trợ đảm đang.', '/asset/mp3/word_sentence/homemaker.mp3'),
(10, 'carpenter', '/asset/img/word_thumb/carpenter.jpg', '(n)', '/asset/mp3/word_pronunciation/carpenter.mp3', '/ˈkɑːrpəntər/', ' a person whose job is making and repairing wooden objects and structures', 'thợ mộc', 'Toms uncle is a skilled _carpenter_.', 'Chú của Tom là thợ mộc có tay nghề giỏi.', '/asset/mp3/word_sentence/carpenter.mp3'),
(11, 'cashier', '/asset/img/word_thumb/cashier.jpg', '(n)', '/asset/mp3/word_pronunciation/cashier.mp3', '/kæˈʃɪr/', 'a person whose job is to receive and pay out money in a bank, shop, hotel, etc.', 'nhân viên thu ngân', 'Service attitude of the _cashier_ is very friendly.', 'Thái độ phục vụ của nhân viên thu ngân này rất thân thiện.', '/asset/mp3/word_sentence/cashier.mp3'),
(12, 'chef', '/asset/img/word_thumb/chef.jpg', '(n)', '/asset/mp3/word_pronunciation/chef.mp3', '/ʃef/', 'a person whose job is to cook, especially the most senior person in a restaurant, hotel, etc.', 'đầu bếp, bếp trưởng', 'He is one of the top _chefs_ in Britain.\r\n', 'Ông ấy là một trong những đầu bếp hàng đầu ở Anh.', '/asset/mp3/word_sentence/chef.mp3'),
(13, 'date', '/asset/img/word_thumb/date.jpg', '(n)', '/asset/mp3/word_pronunciation/date.mp3', '/deɪt/', 'a meeting that you have arranged with a boyfriend or girlfriend or with somebody who might become a boyfriend or girlfriend', 'buổi hẹn hò', 'She has a _date_ tonight.', 'Tối nay cô ấy sẽ đi hẹn hò.', '/asset/mp3/word_sentence/date.mp3'),
(14, 'engagement', '/asset/img/word_thumb/engagement.jpg', '(n)', '/asset/mp3/word_pronunciation/engagement.mp3', '/ɪnˈɡeɪdʒmənt/', 'an agreement to marry somebody; the period during which two people are engaged', 'đính hôn', 'They announced their _engagement_ at the party on Saturday.', 'Họ đã thông báo về việc đính hôn tại bữa tiệc vào thứ Bảy.', '/asset/mp3/word_sentence/engagement.mp3'),
(15, 'ring', '/asset/img/word_thumb/ring.jpg', '(n)', '/asset/mp3/word_pronunciation/ring.mp3', '/rɪŋ/', 'a piece of jewellery that you wear on your finger, consisting of a round band of gold, silver, etc., sometimes decorated with precious stones', 'nhẫn', 'He bought her a diamond _ring_.', 'Anh ta mua cho cô ấy một chiếc nhẫn kim cương.', '/asset/mp3/word_sentence/ring.mp3'),
(16, 'romantic', '/asset/img/word_thumb/romantic.jpg', '(adj)', '/asset/mp3/word_pronunciation/romantic.mp3', '/rəʊˈmæntɪk/', 'connected with or about love or a sexual relationship', '(thuộc) tình cảm, lãng mạn', 'Im not interested in a _romantic_ relationship.', 'Giờ tôi không quan tâm đến chuyện tình cảm đâu.', '/asset/mp3/word_sentence/romantic.mp3'),
(17, 'couple', '/asset/img/word_thumb/couple.jpg', '(n)', '/asset/mp3/word_pronunciation/couple.mp3', '/ˈkʌpl/', 'two people who are seen together, especially if they are married or in a romantic or sexual relationship', 'cặp đôi, đôi vợ chồng', 'An elderly _couple_ lives next to my house.', 'Có một cặp vợ chồng già sống bên cạnh nhà tôi.', '/asset/mp3/word_sentence/couple.mp3'),
(18, 'forever', '/asset/img/word_thumb/forever.jpg', '(adv)', '/asset/mp3/word_pronunciation/forever.mp3', '/fərˈevər/', 'used to say that a particular situation or state will always exist', 'mãi mãi, suốt đời', 'I like the house, but I dont imagine Ill live there _forever_.', 'Tôi thích ngôi nhà đó nhưng không tưởng tượng ra cảnh mình sẽ sống ở đó mãi mãi.', '/asset/mp3/word_sentence/forever.mp3'),
(19, 'kiss', '/asset/img/word_thumb/kiss.jpg', '(v)', '/asset/mp3/word_pronunciation/kiss.mp3', '/kɪs/', 'to touch somebody with your lips as a sign of love or sexual desire or when saying hello or goodbye', 'hôn', 'She _kissed_ him on his lip.', 'Cô hôn lên môi anh ấy.', '/asset/mp3/word_sentence/kiss.mp3'),
(20, 'hug', '/asset/img/word_thumb/hug.jpg', '(v)', '/asset/mp3/word_pronunciation/hug.mp3', '/hʌɡ/', ' to put your arms around somebody and hold them tightly, especially to show that you like or love them', 'ôm', 'They _hugged_ each other when they met at the station.', 'Họ ôm lấy nhau ngay khi gặp mặt tại nhà ga.', '/asset/mp3/word_sentence/hug.mp3'),
(21, 'propose', '/asset/img/word_thumb/propose.jpg', '(v)', '/asset/mp3/word_pronunciation/propose.mp3', '/prəˈpəʊz/', 'to ask somebody to marry you', 'cầu hôn, hỏi cưới', 'She remembers the night he _proposed_ to her.', 'Cô ấy nhớ cái đêm anh ấy cầu hôn cô ấy.', '/asset/mp3/word_sentence/propose.mp3'),
(22, 'wedding', '/asset/img/word_thumb/wedding.jpg', '(n)', '/asset/mp3/word_pronunciation/wedding.mp3', '/ˈwedɪŋ/', 'a marriage ceremony, and the party that usually follows it', 'lễ cưới, đám cưới', 'Do you know the date of Caroline and Matthews _wedding_?', 'Bạn có biết ngày đám cưới của Caroline và Matthew không?', '/asset/mp3/word_sentence/wedding.mp3'),
(23, 'anniversary', '/asset/img/word_thumb/anniversary.jpg', '(n)', '/asset/mp3/word_pronunciation/anniversary.mp3', '/ˌænɪˈvɜːrsəri/', 'a date that is an exact number of years after the date of an important or special event', 'ngày kỷ niệm', 'It was their 25th wedding _anniversary_ last week.', 'Tuần trước là ngày kỷ niệm 25 năm ngày cưới của họ.', '/asset/mp3/word_sentence/anniversary.mp3'),
(24, 'single', '/asset/img/word_thumb/single.jpg', '(adj)', '/asset/mp3/word_pronunciation/single.mp3', '/ˈsɪŋɡl/', '(of a person) not married or having a romantic relationship with somebody', 'độc thân', 'Hes been _single_ for so long now; I dont think hell ever marry.', 'Anh ấy đã độc thân quá lâu rồi, tôi không nghĩ là anh ấy sẽ kết hôn.', '/asset/mp3/word_sentence/single.mp3'),
(25, 'bank', '/asset/img/word_thumb/bank.jpg', '(n)', '/asset/mp3/word_pronunciation/bank.mp3', '/bæŋk/', 'an organization that provides various financial services, for example keeping or lending money', 'ngân hàng', 'I need to go to the _bank_ at lunch time.', 'Tôi cần đi đến ngân hàng vào giờ ăn trưa.', '/asset/mp3/word_sentence/bank.mp3'),
(26, 'hair salon', '/asset/img/word_thumb/hair_salon.jpg', '(n)', '/asset/mp3/word_pronunciation/hair_salon.mp3', '/ˈher səlɑːn/', 'a shop where people go to have their hair cut and put into a particular style', 'tiệm cắt tóc', 'My brother has a great _hair salon_ in Go Vap district.', 'Anh trai tôi có một tiệm cắt tóc rất lớn ở quận Gò Vấp.', '/asset/mp3/word_sentence/hair_salon.mp3'),
(27, 'post office', '/asset/img/word_thumb/post_office.jpg', '(n)', '/asset/mp3/word_pronunciation/post_office.mp3', '/ˈpəʊst ɑːfɪs/', 'a place where you can buy stamps, send letters, etc.', 'bưu điện', 'I went to the _post office_ to send a letter to him.', 'Tôi đã đến bưu điện để gửi thư cho anh ấy.', '/asset/mp3/word_sentence/post_office.mp3'),
(28, 'train station', '/asset/img/word_thumb/train_station.jpg', '(n)', '/asset/mp3/word_pronunciation/train_station.mp3', '/ˈtreɪn steɪʃn/', 'a place where trains stop so that passengers can get on and off; the buildings connected with this', 'nhà ga (tàu hỏa)', 'The train will leave the _train station_ at 7am.', 'Xe lửa sẽ rời ga lúc 7h sáng.', '/asset/mp3/word_sentence/train_station.mp3'),
(29, 'park', '/asset/img/word_thumb/park.jpg', '(n)', '/asset/mp3/word_pronunciation/park.mp3', '/pɑːrk/', 'an area of public land in a town or a city where people go to walk, play and relax', 'công viên', 'We watched the joggers in the _park_.', 'Chúng tôi nhìn những người chạy bộ trong công viên.', '/asset/mp3/word_sentence/park.mp3'),
(30, 'hotel', '/asset/img/word_thumb/hotel.jpg', '(n)', '/asset/mp3/word_pronunciation/hotel.mp3', '/həʊˈtel/', 'a building where people stay, usually for a short time, paying for their rooms and meals', 'khách sạn', 'We stayed at a _hotel_ on the seafront.', 'Chúng tôi ở tại một khách sạn trên bờ biển.', '/asset/mp3/word_sentence/hotel.mp3'),
(31, 'coffee shop', '/asset/img/word_thumb/coffee_shop.jpg', '(n)', '/asset/mp3/word_pronunciation/coffee_shop.mp3', '/ˈkɑːfi ʃɑːp/', 'a small restaurant, often in a store, hotel, etc., where coffee, tea, other drinks without alcohol and simple food are served', 'quán cà phê', 'We agreed to meet at a _coffee shop_ near the church.', 'Chúng tôi hẹn nhau ở quán cà phê gần nhà thờ.', '/asset/mp3/word_sentence/coffee_shop.mp3'),
(32, 'library', '/asset/img/word_thumb/library.jpg', '(n)', '/asset/mp3/word_pronunciation/library.mp3', '/ˈlaɪbreri/', 'a building in which collections of books, CDs, newspapers, etc. are kept for people to read, study or borrow', 'thư viện', 'I usually go to the _library_ to study because there are quiet.', 'Tôi thường đến thư viện để học bài vì ở đó rất yên tĩnh.', '/asset/mp3/word_sentence/library.mp3'),
(33, 'bus station', '/asset/img/word_thumb/bus_station.jpg', '(n)', '/asset/mp3/word_pronunciation/bus_station.mp3', '/ˈbʌs steɪʃn/', 'the place in a town or city where buses leave and arrive, especially to and from other towns', 'trạm xe buýt', 'He was standing waiting for a bus at the _bus station_ near his school.', 'Anh ấy đang đứng đợi xe buýt ở trạm xe buýt gần trường mình.', '/asset/mp3/word_sentence/bus_station.mp3'),
(34, 'gas station', '/asset/img/word_thumb/gas_station.jpg', '(n)', '/asset/mp3/word_pronunciation/gas_station.mp3', '/ˌɡæs steɪʃn/', 'a place where fuel is sold for road vehicles', 'trạm xăng', 'He stopped by a _gas station_ to fill up the tank.', 'Anh ấy ghé một trạm xăng để đổ xăng.', '/asset/mp3/word_sentence/gas_station.mp3'),
(35, 'grocery store', '/asset/img/word_thumb/grocery_store.jpg', '(n)', '/asset/mp3/word_pronunciation/grocery_store.mp3', '/ˈɡrəʊsəri stɔːr/', 'a shop that sells food and other things used in the home', 'cửa hàng tạp hóa', '_Grocery store_ is also called supermarket.', 'Cửa hàng tạp hóa có thể được gọi là siêu thị.', '/asset/mp3/word_sentence/grocery_store.mp3'),
(36, 'supermarket', '/asset/img/word_thumb/supermarket.jpg', '(n)', '/asset/mp3/word_pronunciation/supermarket.mp3', '/ˈsuːpərmɑːrkɪt/', 'a large shop that sells food, drinks and goods used in the home', 'siêu thị', 'My mother and my sister are going to the _supermarket_ to buy clothes.', 'Mẹ và chị gái tôi đang đi siêu thị mua quần áo.', '/asset/mp3/word_sentence/supermarket.mp3'),
(37, 'festival', '/asset/img/word_thumb/festival.jpg', '(n)', '/asset/mp3/word_pronunciation/festival.mp3', '/ˈfestɪvl/', 'a series of public events connected with a particular activity or idea', 'lễ hội', 'There is Flower _Festival_ in Dalat every year.', 'Mỗi năm Đà Lạt đều tổ chức Lễ hội Hoa.', '/asset/mp3/word_sentence/festival.mp3'),
(38, 'reunion', '/asset/img/word_thumb/reunion.jpg', '(n)', '/asset/mp3/word_pronunciation/reunion.mp3', '/ˌriːˈjuːniən/', 'a social occasion or party attended by a group of people who have not seen each other for a long time', '(cuộc) hội ngộ, họp mặt', 'Were having a family _reunion_ next week.', 'Chúng tôi sẽ có một cuộc họp mặt gia đình vào tuần tới.', '/asset/mp3/word_sentence/reunion.mp3'),
(39, 'celebrate', '/asset/img/word_thumb/celebrate.jpg', '(n)', '/asset/mp3/word_pronunciation/celebrate.mp3', '/ˈselɪbreɪt/', 'to show that a day or an event is important by doing something special on it', 'tổ chức, ăn mừng', 'We always celebrate our wedding _anniversary_ by going out to dinner.', 'Chúng tôi luôn kỷ niệm ngày cưới của mình bằng cách ra ngoài ăn tối.', '/asset/mp3/word_sentence/celebrate.mp3'),
(40, 'lantern', '/asset/img/word_thumb/lantern.jpg', '(n)', '/asset/mp3/word_pronunciation/lantern.mp3', '/ˈlæntərn/', 'a lamp in a clear case, often a metal case with glass sides, and often with a handle, so that you can carry it outside', 'lồng đèn', 'I buy my child a _lantern_ in Mid-Autumn.', 'Tôi thường mua lồng đèn cho con mình vào dịp Trung thu.', '/asset/mp3/word_sentence/lantern.mp3'),
(41, 'parade', '/asset/img/word_thumb/parade.jpg', '(n)', '/asset/mp3/word_pronunciation/parade.mp3', '/pəˈreɪd/', 'a public celebration of a special day or event, usually with bands in the streets and decorated vehicles', 'cuộc diễu hành', 'There is a _parade_ in this street to celebrate the Independence Day.', 'Có một cuộc diễu hành trên đường này để kỷ niệm ngày độc lập.', '/asset/mp3/word_sentence/parade.mp3'),
(42, 'vacation', '/asset/img/word_thumb/vacation.jpg', '(n)', '/asset/mp3/word_pronunciation/vacation.mp3', '/veɪˈkeɪʃn/', 'a period of time spent travelling or resting away from home', 'kỳ nghỉ', 'Were taking a _vacation_ in June.', 'Chúng tôi sẽ có một kỳ nghỉ vào tháng Sáu.', '/asset/mp3/word_sentence/vacation.mp3'),
(43, 'travel', '/asset/img/word_thumb/travel.jpg', '(v)', '/asset/mp3/word_pronunciation/travel.mp3', '/ˈtrævl/', 'to go from one place to another, especially over a long distance', 'đi, du lịch', 'We are going to _travel_ to Vietnam on this Christmas.', 'Chúng tôi sẽ đi du lịch đến Việt Nam vào Giáng sinh này.', '/asset/mp3/word_sentence/travel.mp3'),
(44, 'firework', '/asset/img/word_thumb/firework.jpg', '(n)', '/asset/mp3/word_pronunciation/firework.mp3', '/ˈfaɪərwɜːrk/', 'a small device containing powder that burns or explodes and produces bright coloured lights and loud noises, used especially at celebrations', '(ngọn) pháo hoa', 'What time does the _fireworks_ display start?', 'Màn bắn pháo hoa sẽ bắt đầu lúc mấy giờ?', '/asset/mp3/word_sentence/firework.mp3'),
(45, 'decorate', '/asset/img/word_thumb/decorate.jpg', '(v)', '/asset/mp3/word_pronunciation/decorate.mp3', '/ˈdekəreɪt/', 'to make something look more attractive by putting things on it', 'trang trí, tô điểm', 'We are _decorating_ our house for Christmas.', 'Chúng tôi đang trang trí nhà cửa cho Giáng sinh.', '/asset/mp3/word_sentence/decorate.mp3'),
(46, 'Christmas', '/asset/img/word_thumb/christmas.jpg', '(n)', '/asset/mp3/word_pronunciation/christmas.mp3', '/ˈkrɪsməs/', 'the period that includes Christmas Day and the days close to it', 'lễ Giáng Sinh', 'Wish you a merry _Christmas_!', 'Chúc bạn Giáng sinh vui vẻ!', '/asset/mp3/word_sentence/christmas.mp3'),
(47, 'Halloween', '/asset/img/word_thumb/halloween.jpg', '(n)', '/asset/mp3/word_pronunciation/halloween.mp3', '/ˌhæləʊˈiːn/', 'the night of 31 October when children dress in special clothes and people try to frighten each other', 'lễ hội Hóa Lộ Quỉ, lễ hội hóa trang', 'I dont go out on _Halloween_ night.', 'Tôi không đi ra ngoài vào đêm lễ hội Hóa Lộ Quỉ.', '/asset/mp3/word_sentence/halloween.mp3'),
(48, 'Independence Day', '/asset/img/word_thumb/independence_day.jpg', '(n)', '/asset/mp3/word_pronunciation/independence_day.mp3', '/ˌɪndɪˈpendəns deɪ/', 'the time that a country officially has its own sovereignty, with its particular people and territory', 'ngày Độc lập', 'In the US, _Independence Day_ is the official name for the Fourth of July holiday.', 'Ở Mỹ, Ngày Độc lập là tên gọi chính thức cho ngày lễ 4 tháng Bảy.', '/asset/mp3/word_sentence/independence_day.mp3'),
(49, 'tennis', '/asset/img/word_thumb/tennis.jpg', '(n)', '/asset/mp3/word_pronunciation/tennis.mp3', '/ˈtenɪs/', 'a game in which two or four players use rackets to hit a ball backwards and forwards across a net on a specially marked court', '(môn) quần vợt', 'I usually play _tennis_ 2 times a week.', 'Tôi thường chơi quần vợt 2 lần một tuần.', '/asset/mp3/word_sentence/tennis.mp3'),
(50, 'scuba-diving', '/asset/img/word_thumb/scuba-diving.jpg', '(n)', '/asset/mp3/word_pronunciation/scuba-diving.mp3', '/ˈskuːbə daɪvɪŋ/', 'the sport or activity of swimming underwater using special breathing equipment consisting of a container of air which you carry on your back and a tube through which you breathe the air', '(môn) lặn có bình dưỡng khí', 'The _scuba-diving_ is very famous in Nha Trang city.', 'Môn lặn có bình dưỡng khí rất nổi tiếng ở thành phố Nha Trang.', '/asset/mp3/word_sentence/scuba-diving.mp3'),
(51, 'embroidery', '/asset/img/word_thumb/embroidery.jpg', '(n)', '/asset/mp3/word_pronunciation/embroidery.mp3', '/ɪmˈbrɔɪdəri/', 'the skill or activity of decorating cloth with patterns that are sewn onto cloth using threads of various colours', '(việc) thêu, thêu thùa', 'Im not very good at _embroidery_.', 'Tôi không giỏi thêu thùa cho lắm.', '/asset/mp3/word_sentence/embroidery.mp3'),
(52, 'chess', '/asset/img/word_thumb/chess.jpg', '(n)', '/asset/mp3/word_pronunciation/chess.mp3', '/tʃes/', 'a game for two people played on a board marked with black and white squares on which each playing piece is moved according to special rules', '(môn) cờ', 'My grandfather sometimes goes to park to play _chess_.', 'Thỉnh thoảng ông tôi ra công viên chơi đánh cờ.', '/asset/mp3/word_sentence/chess.mp3'),
(53, 'chat', '/asset/img/word_thumb/chat.jpg', '(v)', '/asset/mp3/word_pronunciation/chat.mp3', '/tʃæt/', 'to talk in a friendly, informal way to somebody', 'tán gẫu, trò chuyện', 'We were _chatting_ about what we did last weekend.', 'Chúng tôi đang tán gẫu về những việc đã làm vào cuối tuần trước.', '/asset/mp3/word_sentence/chat.mp3'),
(54, 'skiing', '/asset/img/word_thumb/skiing.jpg', '(n)', '/asset/mp3/word_pronunciation/skiing.mp3', '/ˈskiːɪŋ/\r\n', 'the sport or activity of moving over snow on skis', '(môn) trượt tuyết', 'Marrys special hobby is _skiing_.', 'Sở thích đặc biệt của Marry là môn trượt tuyết.', '/asset/mp3/word_sentence/skiing.mp3'),
(55, 'camping', '/asset/img/word_thumb/camping.jpg', '(n)', '/asset/mp3/word_pronunciation/camping.mp3', '/ˈkæmpɪŋ/', '​living in a tent, etc. on holiday', 'cắm trại', 'We used to go _camping_ in the forest when we were young.', 'Hồi còn trẻ chúng tôi từng đi cắm trại trong rừng.', '/asset/mp3/word_sentence/camping.mp3'),
(56, 'gardening', '/asset/img/word_thumb/gardening.jpg', '(n)', '/asset/mp3/word_pronunciation/gardening.mp3', '/ˈɡɑːrdnɪŋ/', 'the activity of working in a garden, especially for pleasure', 'việc làm vườn', 'When my father retired, his hobby was _gardening_.', 'Khi về hưu, bố tôi có sở thích là làm vườn.', '/asset/mp3/word_sentence/gardening.mp3'),
(57, 'pet', '/asset/img/word_thumb/pet.jpg', '(n)', '/asset/mp3/word_pronunciation/pet.mp3', '/pet/', 'an animal, a bird, etc. that you have at home for pleasure, rather than one that is kept for work or food', 'thú cưng', 'They have several _pets_: a dog, two rabbits, and a pig.', 'Họ có vài con thú cưng: một con chó, hai con thỏ và một con lợn.', '/asset/mp3/word_sentence/pet.mp3'),
(58, 'shopping', '/asset/img/word_thumb/shopping.jpg', '(n)', '/asset/mp3/word_pronunciation/shopping.mp3', '/ˈʃɑːpɪŋ/', 'the activity of going to shops and buying things or ordering them online', '(việc) mua sắm', 'Im going _shopping_ this afternoon.', 'Tôi sẽ đi mua sắm vào buổi chiều.', '/asset/mp3/word_sentence/shopping.mp3'),
(59, 'fishing', '/asset/img/word_thumb/fishing.jpg', '(n)', '/asset/mp3/word_pronunciation/fishing.mp3', '/ˈfɪʃɪŋ/', '​the sport or business of catching fish', '(môn) câu cá; (nghề) đánh cá', 'My dad loves to go _fishing_.', 'Bố của tôi thích đi câu cá.', '/asset/mp3/word_sentence/fishing.mp3'),
(60, 'skateboarding', '/asset/img/word_thumb/skateboarding.jpg', '(n)', '/asset/mp3/word_pronunciation/skateboarding.mp3', '/ˈskeɪtbɔːrdɪŋ/', 'the sport or activity of riding on a skateboard', '(môn) trượt ván', 'Hes practicing _skateboarding_.', 'Anh ấy đang tập môn trượt ván.', '/asset/mp3/word_sentence/skateboarding.mp3'),
(61, 'play', '/asset/img/word_thumb/play.jpg', '(n)', '/asset/mp3/word_pronunciation/play.mp3', '/pleɪ/', 'a piece of writing performed by actors in a theatre or on television or radio', 'vở kịch', 'They are performing a _play_ by Shakespeare.', 'Họ đang diễn một vở kịch của tác giả Shakespeare.', '/asset/mp3/word_sentence/play.mp3'),
(62, 'circus', '/asset/img/word_thumb/circus.jpg', '(n)', '/asset/mp3/word_pronunciation/circus.mp3', '/ˈsɜːrkəs/', 'a group of travelling performers including acrobats or those who work with trained animals, or a performance by such people usually in a large tent', 'rạp xiếc, vở xiếc', 'The children always love to go to the _circus_.', 'Trẻ em luôn thích đi xem xiếc.', '/asset/mp3/word_sentence/circus.mp3'),
(63, 'stadium', '/asset/img/word_thumb/stadium.jpg', '(n)', '/asset/mp3/word_pronunciation/stadium.mp3', '/ˈsteɪdiəm/', 'a large sports ground surrounded by rows of seats and usually other buildings', 'sân vận động', 'Thousands of football fans packed into the _stadium_ to watch the match.', 'Hàng ngàn người hâm mộ bóng đá đã đổ về sân vận động để xem trận đấu.', '/asset/mp3/word_sentence/stadium.mp3'),
(64, 'theater', '/asset/img/word_thumb/theater.jpg', '(n)', '/asset/mp3/word_pronunciation/theater.mp3', '/ˈθɪətər/', 'a building or an outdoor area where plays and similar types of entertainment are performed', 'rạp hát, nhà hát', 'The theater was packed for the opening night of the play.', 'Nhà hát chật kín khán giả vào đêm mở màn vở kịch.', '/asset/mp3/word_sentence/theater.mp3'),
(65, 'applaud', '/asset/img/word_thumb/applaud.jpg', '(v)', '/asset/mp3/word_pronunciation/applaud.mp3', '/əˈplɔːd/', 'to show your approval of somebody/something by clapping your hands', 'vỗ tay (tán thưởng)', 'You should hear the audience _applaud_; the sound was fantastic.', 'Cậu phải nghe tiếng vỗ tay của khán giả đi, rất tuyệt luôn đấy.', '/asset/mp3/word_sentence/applaud.mp3'),
(66, 'exhibit', '/asset/img/word_thumb/exhibit.jpg', '(n)', '/asset/mp3/word_pronunciation/exhibit.mp3', '/ɪɡˈzɪbɪt/', 'an object or a collection of objects put in a public place, for example a museum, so that people can see it', 'vật triển lãm, bộ sưu tập', 'The museum is rich in _exhibits_.', 'Bảo tàng này có rất nhiều hiện vật triển lãm.', '/asset/mp3/word_sentence/exhibit.mp3'),
(67, 'art gallery', '/asset/img/word_thumb/art_gallery.jpg', '(n)', '/asset/mp3/word_pronunciation/art_gallery.mp3', '/ˈɑːrt ɡæləri/', 'a building where paintings and other works of art are shown to the public', 'phòng tranh, khu triển lãm', 'Our _art gallery_ is the best place to buy art online.', 'Phòng tranh của chúng tôi là nơi tốt nhất để bạn mua tranh nghệ thuật trực tuyến.', '/asset/mp3/word_sentence/art_gallery.mp3'),
(68, 'comedy', '/asset/img/word_thumb/comedy.jpg', '(n)', '/asset/mp3/word_pronunciation/comedy.mp3', '/ˈkɑːmədi/', 'a play, film or TV show that is intended to be funny, usually with a happy ending; plays, films and TV shows of this type\r\n', '(thể loại) hài kịch', 'His latest film is described as a romantic _comedy_.', 'Bộ phim mới nhất của anh ta được mô tả là một tác phẩm hài hước lãng mạn.', '/asset/mp3/word_sentence/comedy.mp3'),
(69, 'casino', '/asset/img/word_thumb/casino.jpg', '(n)', '/asset/mp3/word_pronunciation/casino.mp3', '/kəˈsiːnəʊ/', 'a public building or room where people play gambling games for money', 'sòng bạc', '_Casinos_ are most commonly built near or combined with hotels, restaurants.', 'Sòng bạc thường được xây dựng gần hoặc kết hợp với các khách sạn, nhà hàng.', '/asset/mp3/word_sentence/casino.mp3'),
(70, 'ballet', '/asset/img/word_thumb/ballet.jpg', '(n)', '/asset/mp3/word_pronunciation/ballet.mp3', '/bæˈleɪ/ ', 'a style of dancing that tells a dramatic story with music but no talking or singing', '(điệu) ba lê', 'By the age of 15 he had already composed his first _ballet_.', 'Ở tuổi 15, ông đã sáng tác vở múa ba lê đầu tiên của mình.', '/asset/mp3/word_sentence/ballet.mp3'),
(71, 'pub', '/asset/img/word_thumb/pub.jpg', '(n)', '/asset/mp3/word_pronunciation/pub.mp3', '/pʌb/', 'a building where people go to drink and meet their friends', 'quán rượu', 'Do you want to go to the _pub_ after work?', 'Bạn có muốn đi đến quán rượu sau giờ làm việc không?', '/asset/mp3/word_sentence/pub.mp3'),
(72, 'concert hall', '/asset/img/word_thumb/concert_hall.jpg', '(n)', '/asset/mp3/word_pronunciation/concert_hall.mp3', '/ˈkɑːnsət hɔːl/', 'a place where people meet for an organized event, for example a concert, sporting event or conference', 'nhà hát', 'Many larger cities have both public and private _concert halls_.', 'Nhiều thành phố lớn có cả nhà hát cho công chúng và nhà hát riêng.', '/asset/mp3/word_sentence/concert_hall.mp3'),
(73, 'forest', '/asset/img/word_thumb/forest.jpg', '(n)', '/asset/mp3/word_pronunciation/forest.mp3', '/ˈfɔːrɪst/', 'a large area of land covered with trees and plants', 'rừng, khu rừng', 'The children got lost in the _forest_.', 'Bọn trẻ đã bị lạc trong rừng.', '/asset/mp3/word_sentence/forest.mp3'),
(74, 'cloud', '/asset/img/word_thumb/cloud.jpg', '(n)', '/asset/mp3/word_pronunciation/cloud.mp3', '/klaʊd/', 'a grey or white mass that floats in the sky, made of very small drops of water', 'mây, đám mây', 'There was so much _cloud_, we couldnt see anything.', 'Lúc ấy trời mây dày đặc nên chúng tôi chẳng nhìn thấy gì cả.', '/asset/mp3/word_sentence/cloud.mp3'),
(75, 'sky', '/asset/img/word_thumb/sky.jpg', '(n)', '/asset/mp3/word_pronunciation/sky.mp3', '/skaɪ/', 'the space above the earth that you can see when you look up, where clouds and the sun, moon and stars appear', 'bầu trời', 'Hundreds of stars were shining in the _sky_.', 'Hàng trăm ngôi sao đang tỏa sáng trên bầu trời.', '/asset/mp3/word_sentence/sky.mp3'),
(76, 'sun', '/asset/img/word_thumb/sun.jpg', '(n)', '/asset/mp3/word_pronunciation/sun.mp3', '/sʌn/', 'the star that shines in the sky during the day and gives the earth heat and light', 'mặt trời', 'The Earth revolves around the _Sun_.', 'Trái đất xoay quanh mặt trời.', '/asset/mp3/word_sentence/sun.mp3'),
(77, 'grass', '/asset/img/word_thumb/grass.jpg', '(n)', '/asset/mp3/word_pronunciation/grass.mp3', '/ɡræs/', 'a common wild plant with narrow green leaves and stems that are eaten by cows, horses, sheep, etc.', 'cây cỏ, cỏ', 'These are all sorts of ways to get _grass_ or crops to grow.', 'Có rất nhiều cách để cỏ và cây trồng phát triển.', '/asset/mp3/word_sentence/grass.mp3'),
(78, 'desert', '/asset/img/word_thumb/desert.jpg', '(n)', '/asset/mp3/word_pronunciation/desert.mp3', '/ˈdezərt/', 'a large area of land that has very little water and very few plants growing on it', 'sa mạc', 'Somalia is mostly _desert_.', 'Phần lớn địa hình của Somalia là sa mạc.', '/asset/mp3/word_sentence/desert.mp3'),
(79, 'waterfall', '/asset/img/word_thumb/waterfall.jpg', '(n)', '/asset/mp3/word_pronunciation/waterfall.mp3', '/ˈwɔːtərfɔːl/', 'a place where a stream or river falls from a high place, for example over a cliff or rock', 'thác nước', 'Do you know Angel _waterfall_ in southeastern Venezuela?', 'Bạn có biết thác nước Angel ở phía Đông Nam Venezuela không?', '/asset/mp3/word_sentence/waterfall.mp3'),
(80, 'hill', '/asset/img/word_thumb/hill.jpg', '(n)', '/asset/mp3/word_pronunciation/hill.mp3', '/hɪl/', 'an area of land that is higher than the land around it, but not as high as a mountain', 'ngọn đồi', '_Hills_ are not as high as mountains.', 'Đồi không cao như núi.', '/asset/mp3/word_sentence/hill.mp3'),
(81, 'mountain', '/asset/img/word_thumb/mountain.jpg', '(n)', '/asset/mp3/word_pronunciation/mountain.mp3', '/ˈmaʊntn/', 'a very high hill, often with rocks near the top', 'núi', 'Were going to the _mountains_ for our holiday.', 'Chúng tôi dự định đi núi vào kì nghỉ.', '/asset/mp3/word_sentence/mountain.mp3'),
(82, 'volcano', '/asset/img/word_thumb/volcano.jpg', '(n)', '/asset/mp3/word_pronunciation/volcano.mp3', '/vɑːlˈkeɪnəʊ/', 'a mountain with a large opening at the top through which gases and lava are forced out into the air, or have been in the past', 'núi lửa', 'This area had not been affected by the main pyroclastic flows from the _volcano_.', 'Khu vực này đã không bị ảnh hưởng bởi dòng nham thạch từ núi lửa.', '/asset/mp3/word_sentence/volcano.mp3'),
(83, 'river', '/asset/img/word_thumb/river.jpg', '(n)', '/asset/mp3/word_pronunciation/river.mp3', '/ˈrɪvər/', 'a natural flow of water that continues in a long line across land to the sea', 'sông', 'We sailed slowly down the _river_.', 'Chúng tôi chầm chậm dong thuyền xuôi dòng sông.', '/asset/mp3/word_sentence/river.mp3'),
(84, 'lake', '/asset/img/word_thumb/lake.jpg', '(n)', '/asset/mp3/word_pronunciation/lake.mp3', '/leɪk/', 'a large area of water that is surrounded by land', 'hồ', 'We used to go boating on that _lake_.', 'Chúng tôi đã từng đi thuyền trên hồ đó.', '/asset/mp3/word_sentence/lake.mp3');

-- --------------------------------------------------------

--
-- Cấu trúc bảng cho bảng `vocab_topic`
--

CREATE TABLE `vocab_topic` (
  `id_topic` int NOT NULL,
  `id_vocab` int NOT NULL
) ENGINE=InnoDB DEFAULT CHARSET=utf8 COLLATE=utf8_general_ci;

--
-- Đang đổ dữ liệu cho bảng `vocab_topic`
--

INSERT INTO `vocab_topic` (`id_topic`, `id_vocab`) VALUES
(1, 1),
(8, 1),
(15, 1),
(22, 1),
(29, 1),
(36, 1),
(43, 1),
(50, 1),
(57, 1),
(64, 1),
(71, 1),
(78, 1),
(85, 1),
(92, 1),
(99, 1),
(106, 1),
(113, 1),
(120, 1),
(127, 1),
(134, 1),
(141, 1),
(148, 1),
(155, 1),
(162, 1),
(169, 1),
(176, 1),
(183, 1),
(190, 1),
(197, 1),
(204, 1),
(211, 1),
(218, 1),
(225, 1),
(232, 1),
(239, 1),
(246, 1),
(253, 1),
(260, 1),
(267, 1),
(274, 1),
(281, 1),
(288, 1),
(295, 1),
(302, 1),
(309, 1),
(316, 1),
(323, 1),
(330, 1),
(337, 1),
(344, 1),
(351, 1),
(358, 1),
(365, 1),
(372, 1),
(1, 2),
(8, 2),
(15, 2),
(22, 2),
(29, 2),
(36, 2),
(43, 2),
(50, 2),
(57, 2),
(64, 2),
(71, 2),
(78, 2),
(85, 2),
(92, 2),
(99, 2),
(106, 2),
(113, 2),
(120, 2),
(127, 2),
(134, 2),
(141, 2),
(148, 2),
(155, 2),
(162, 2),
(169, 2),
(176, 2),
(183, 2),
(190, 2),
(197, 2),
(204, 2),
(211, 2),
(218, 2),
(225, 2),
(232, 2),
(239, 2),
(246, 2),
(253, 2),
(260, 2),
(267, 2),
(274, 2),
(281, 2),
(288, 2),
(295, 2),
(302, 2),
(309, 2),
(316, 2),
(323, 2),
(330, 2),
(337, 2),
(344, 2),
(351, 2),
(358, 2),
(365, 2),
(372, 2),
(1, 3),
(8, 3),
(15, 3),
(22, 3),
(29, 3),
(36, 3),
(43, 3),
(50, 3),
(57, 3),
(64, 3),
(71, 3),
(78, 3),
(85, 3),
(92, 3),
(99, 3),
(106, 3),
(113, 3),
(120, 3),
(127, 3),
(134, 3),
(141, 3),
(148, 3),
(155, 3),
(162, 3),
(169, 3),
(176, 3),
(183, 3),
(190, 3),
(197, 3),
(204, 3),
(211, 3),
(218, 3),
(225, 3),
(232, 3),
(239, 3),
(246, 3),
(253, 3),
(260, 3),
(267, 3),
(274, 3),
(281, 3),
(288, 3),
(295, 3),
(302, 3),
(309, 3),
(316, 3),
(323, 3),
(330, 3),
(337, 3),
(344, 3),
(351, 3),
(358, 3),
(365, 3),
(372, 3),
(1, 4),
(8, 4),
(15, 4),
(22, 4),
(29, 4),
(36, 4),
(43, 4),
(50, 4),
(57, 4),
(64, 4),
(71, 4),
(78, 4),
(85, 4),
(92, 4),
(99, 4),
(106, 4),
(113, 4),
(120, 4),
(127, 4),
(134, 4),
(141, 4),
(148, 4),
(155, 4),
(162, 4),
(169, 4),
(176, 4),
(183, 4),
(190, 4),
(197, 4),
(204, 4),
(211, 4),
(218, 4),
(225, 4),
(232, 4),
(239, 4),
(246, 4),
(253, 4),
(260, 4),
(267, 4),
(274, 4),
(281, 4),
(288, 4),
(295, 4),
(302, 4),
(309, 4),
(316, 4),
(323, 4),
(330, 4),
(337, 4),
(344, 4),
(351, 4),
(358, 4),
(365, 4),
(372, 4),
(1, 5),
(8, 5),
(15, 5),
(22, 5),
(29, 5),
(36, 5),
(43, 5),
(50, 5),
(57, 5),
(64, 5),
(71, 5),
(78, 5),
(85, 5),
(92, 5),
(99, 5),
(106, 5),
(113, 5),
(120, 5),
(127, 5),
(134, 5),
(141, 5),
(148, 5),
(155, 5),
(162, 5),
(169, 5),
(176, 5),
(183, 5),
(190, 5),
(197, 5),
(204, 5),
(211, 5),
(218, 5),
(225, 5),
(232, 5),
(239, 5),
(246, 5),
(253, 5),
(260, 5),
(267, 5),
(274, 5),
(281, 5),
(288, 5),
(295, 5),
(302, 5),
(309, 5),
(316, 5),
(323, 5),
(330, 5),
(337, 5),
(344, 5),
(351, 5),
(358, 5),
(365, 5),
(372, 5),
(1, 6),
(8, 6),
(15, 6),
(22, 6),
(29, 6),
(36, 6),
(43, 6),
(50, 6),
(57, 6),
(64, 6),
(71, 6),
(78, 6),
(85, 6),
(92, 6),
(99, 6),
(106, 6),
(113, 6),
(120, 6),
(127, 6),
(134, 6),
(141, 6),
(148, 6),
(155, 6),
(162, 6),
(169, 6),
(176, 6),
(183, 6),
(190, 6),
(197, 6),
(204, 6),
(211, 6),
(218, 6),
(225, 6),
(232, 6),
(239, 6),
(246, 6),
(253, 6),
(260, 6),
(267, 6),
(274, 6),
(281, 6),
(288, 6),
(295, 6),
(302, 6),
(309, 6),
(316, 6),
(323, 6),
(330, 6),
(337, 6),
(344, 6),
(351, 6),
(358, 6),
(365, 6),
(372, 6),
(1, 7),
(8, 7),
(15, 7),
(22, 7),
(29, 7),
(36, 7),
(43, 7),
(50, 7),
(57, 7),
(64, 7),
(71, 7),
(78, 7),
(85, 7),
(92, 7),
(99, 7),
(106, 7),
(113, 7),
(120, 7),
(127, 7),
(134, 7),
(141, 7),
(148, 7),
(155, 7),
(162, 7),
(169, 7),
(176, 7),
(183, 7),
(190, 7),
(197, 7),
(204, 7),
(211, 7),
(218, 7),
(225, 7),
(232, 7),
(239, 7),
(246, 7),
(253, 7),
(260, 7),
(267, 7),
(274, 7),
(281, 7),
(288, 7),
(295, 7),
(302, 7),
(309, 7),
(316, 7),
(323, 7),
(330, 7),
(337, 7),
(344, 7),
(351, 7),
(358, 7),
(365, 7),
(372, 7),
(1, 8),
(8, 8),
(15, 8),
(22, 8),
(29, 8),
(36, 8),
(43, 8),
(50, 8),
(57, 8),
(64, 8),
(71, 8),
(78, 8),
(85, 8),
(92, 8),
(99, 8),
(106, 8),
(113, 8),
(120, 8),
(127, 8),
(134, 8),
(141, 8),
(148, 8),
(155, 8),
(162, 8),
(169, 8),
(176, 8),
(183, 8),
(190, 8),
(197, 8),
(204, 8),
(211, 8),
(218, 8),
(225, 8),
(232, 8),
(239, 8),
(246, 8),
(253, 8),
(260, 8),
(267, 8),
(274, 8),
(281, 8),
(288, 8),
(295, 8),
(302, 8),
(309, 8),
(316, 8),
(323, 8),
(330, 8),
(337, 8),
(344, 8),
(351, 8),
(358, 8),
(365, 8),
(372, 8),
(1, 9),
(8, 9),
(15, 9),
(22, 9),
(29, 9),
(36, 9),
(43, 9),
(50, 9),
(57, 9),
(64, 9),
(71, 9),
(78, 9),
(85, 9),
(92, 9),
(99, 9),
(106, 9),
(113, 9),
(120, 9),
(127, 9),
(134, 9),
(141, 9),
(148, 9),
(155, 9),
(162, 9),
(169, 9),
(176, 9),
(183, 9),
(190, 9),
(197, 9),
(204, 9),
(211, 9),
(218, 9),
(225, 9),
(232, 9),
(239, 9),
(246, 9),
(253, 9),
(260, 9),
(267, 9),
(274, 9),
(281, 9),
(288, 9),
(295, 9),
(302, 9),
(309, 9),
(316, 9),
(323, 9),
(330, 9),
(337, 9),
(344, 9),
(351, 9),
(358, 9),
(365, 9),
(372, 9),
(1, 10),
(8, 10),
(15, 10),
(22, 10),
(29, 10),
(36, 10),
(43, 10),
(50, 10),
(57, 10),
(64, 10),
(71, 10),
(78, 10),
(85, 10),
(92, 10),
(99, 10),
(106, 10),
(113, 10),
(120, 10),
(127, 10),
(134, 10),
(141, 10),
(148, 10),
(155, 10),
(162, 10),
(169, 10),
(176, 10),
(183, 10),
(190, 10),
(197, 10),
(204, 10),
(211, 10),
(218, 10),
(225, 10),
(232, 10),
(239, 10),
(246, 10),
(253, 10),
(260, 10),
(267, 10),
(274, 10),
(281, 10),
(288, 10),
(295, 10),
(302, 10),
(309, 10),
(316, 10),
(323, 10),
(330, 10),
(337, 10),
(344, 10),
(351, 10),
(358, 10),
(365, 10),
(372, 10),
(1, 11),
(8, 11),
(15, 11),
(22, 11),
(29, 11),
(36, 11),
(43, 11),
(50, 11),
(57, 11),
(64, 11),
(71, 11),
(78, 11),
(85, 11),
(92, 11),
(99, 11),
(106, 11),
(113, 11),
(120, 11),
(127, 11),
(134, 11),
(141, 11),
(148, 11),
(155, 11),
(162, 11),
(169, 11),
(176, 11),
(183, 11),
(190, 11),
(197, 11),
(204, 11),
(211, 11),
(218, 11),
(225, 11),
(232, 11),
(239, 11),
(246, 11),
(253, 11),
(260, 11),
(267, 11),
(274, 11),
(281, 11),
(288, 11),
(295, 11),
(302, 11),
(309, 11),
(316, 11),
(323, 11),
(330, 11),
(337, 11),
(344, 11),
(351, 11),
(358, 11),
(365, 11),
(372, 11),
(1, 12),
(8, 12),
(15, 12),
(22, 12),
(29, 12),
(36, 12),
(43, 12),
(50, 12),
(57, 12),
(64, 12),
(71, 12),
(78, 12),
(85, 12),
(92, 12),
(99, 12),
(106, 12),
(113, 12),
(120, 12),
(127, 12),
(134, 12),
(141, 12),
(148, 12),
(155, 12),
(162, 12),
(169, 12),
(176, 12),
(183, 12),
(190, 12),
(197, 12),
(204, 12),
(211, 12),
(218, 12),
(225, 12),
(232, 12),
(239, 12),
(246, 12),
(253, 12),
(260, 12),
(267, 12),
(274, 12),
(281, 12),
(288, 12),
(295, 12),
(302, 12),
(309, 12),
(316, 12),
(323, 12),
(330, 12),
(337, 12),
(344, 12),
(351, 12),
(358, 12),
(365, 12),
(372, 12),
(2, 13),
(9, 13),
(16, 13),
(23, 13),
(30, 13),
(37, 13),
(44, 13),
(51, 13),
(58, 13),
(65, 13),
(72, 13),
(79, 13),
(86, 13),
(93, 13),
(100, 13),
(107, 13),
(114, 13),
(121, 13),
(128, 13),
(135, 13),
(142, 13),
(149, 13),
(156, 13),
(163, 13),
(170, 13),
(177, 13),
(184, 13),
(191, 13),
(198, 13),
(205, 13),
(212, 13),
(219, 13),
(226, 13),
(233, 13),
(240, 13),
(247, 13),
(254, 13),
(261, 13),
(268, 13),
(275, 13),
(282, 13),
(289, 13),
(296, 13),
(303, 13),
(310, 13),
(317, 13),
(324, 13),
(331, 13),
(338, 13),
(345, 13),
(352, 13),
(359, 13),
(366, 13),
(373, 13),
(2, 14),
(9, 14),
(16, 14),
(23, 14),
(30, 14),
(37, 14),
(44, 14),
(51, 14),
(58, 14),
(65, 14),
(72, 14),
(79, 14),
(86, 14),
(93, 14),
(100, 14),
(107, 14),
(114, 14),
(121, 14),
(128, 14),
(135, 14),
(142, 14),
(149, 14),
(156, 14),
(163, 14),
(170, 14),
(177, 14),
(184, 14),
(191, 14),
(198, 14),
(205, 14),
(212, 14),
(219, 14),
(226, 14),
(233, 14),
(240, 14),
(247, 14),
(254, 14),
(261, 14),
(268, 14),
(275, 14),
(282, 14),
(289, 14),
(296, 14),
(303, 14),
(310, 14),
(317, 14),
(324, 14),
(331, 14),
(338, 14),
(345, 14),
(352, 14),
(359, 14),
(366, 14),
(373, 14),
(2, 15),
(9, 15),
(16, 15),
(23, 15),
(30, 15),
(37, 15),
(44, 15),
(51, 15),
(58, 15),
(65, 15),
(72, 15),
(79, 15),
(86, 15),
(93, 15),
(100, 15),
(107, 15),
(114, 15),
(121, 15),
(128, 15),
(135, 15),
(142, 15),
(149, 15),
(156, 15),
(163, 15),
(170, 15),
(177, 15),
(184, 15),
(191, 15),
(198, 15),
(205, 15),
(212, 15),
(219, 15),
(226, 15),
(233, 15),
(240, 15),
(247, 15),
(254, 15),
(261, 15),
(268, 15),
(275, 15),
(282, 15),
(289, 15),
(296, 15),
(303, 15),
(310, 15),
(317, 15),
(324, 15),
(331, 15),
(338, 15),
(345, 15),
(352, 15),
(359, 15),
(366, 15),
(373, 15),
(2, 16),
(9, 16),
(16, 16),
(23, 16),
(30, 16),
(37, 16),
(44, 16),
(51, 16),
(58, 16),
(65, 16),
(72, 16),
(79, 16),
(86, 16),
(93, 16),
(100, 16),
(107, 16),
(114, 16),
(121, 16),
(128, 16),
(135, 16),
(142, 16),
(149, 16),
(156, 16),
(163, 16),
(170, 16),
(177, 16),
(184, 16),
(191, 16),
(198, 16),
(205, 16),
(212, 16),
(219, 16),
(226, 16),
(233, 16),
(240, 16),
(247, 16),
(254, 16),
(261, 16),
(268, 16),
(275, 16),
(282, 16),
(289, 16),
(296, 16),
(303, 16),
(310, 16),
(317, 16),
(324, 16),
(331, 16),
(338, 16),
(345, 16),
(352, 16),
(359, 16),
(366, 16),
(373, 16),
(2, 17),
(9, 17),
(16, 17),
(23, 17),
(30, 17),
(37, 17),
(44, 17),
(51, 17),
(58, 17),
(65, 17),
(72, 17),
(79, 17),
(86, 17),
(93, 17),
(100, 17),
(107, 17),
(114, 17),
(121, 17),
(128, 17),
(135, 17),
(142, 17),
(149, 17),
(156, 17),
(163, 17),
(170, 17),
(177, 17),
(184, 17),
(191, 17),
(198, 17),
(205, 17),
(212, 17),
(219, 17),
(226, 17),
(233, 17),
(240, 17),
(247, 17),
(254, 17),
(261, 17),
(268, 17),
(275, 17),
(282, 17),
(289, 17),
(296, 17),
(303, 17),
(310, 17),
(317, 17),
(324, 17),
(331, 17),
(338, 17),
(345, 17),
(352, 17),
(359, 17),
(366, 17),
(373, 17),
(2, 18),
(9, 18),
(16, 18),
(23, 18),
(30, 18),
(37, 18),
(44, 18),
(51, 18),
(58, 18),
(65, 18),
(72, 18),
(79, 18),
(86, 18),
(93, 18),
(100, 18),
(107, 18),
(114, 18),
(121, 18),
(128, 18),
(135, 18),
(142, 18),
(149, 18),
(156, 18),
(163, 18),
(170, 18),
(177, 18),
(184, 18),
(191, 18),
(198, 18),
(205, 18),
(212, 18),
(219, 18),
(226, 18),
(233, 18),
(240, 18),
(247, 18),
(254, 18),
(261, 18),
(268, 18),
(275, 18),
(282, 18),
(289, 18),
(296, 18),
(303, 18),
(310, 18),
(317, 18),
(324, 18),
(331, 18),
(338, 18),
(345, 18),
(352, 18),
(359, 18),
(366, 18),
(373, 18),
(2, 19),
(9, 19),
(16, 19),
(23, 19),
(30, 19),
(37, 19),
(44, 19),
(51, 19),
(58, 19),
(65, 19),
(72, 19),
(79, 19),
(86, 19),
(93, 19),
(100, 19),
(107, 19),
(114, 19),
(121, 19),
(128, 19),
(135, 19),
(142, 19),
(149, 19),
(156, 19),
(163, 19),
(170, 19),
(177, 19),
(184, 19),
(191, 19),
(198, 19),
(205, 19),
(212, 19),
(219, 19),
(226, 19),
(233, 19),
(240, 19),
(247, 19),
(254, 19),
(261, 19),
(268, 19),
(275, 19),
(282, 19),
(289, 19),
(296, 19),
(303, 19),
(310, 19),
(317, 19),
(324, 19),
(331, 19),
(338, 19),
(345, 19),
(352, 19),
(359, 19),
(366, 19),
(373, 19),
(2, 20),
(9, 20),
(16, 20),
(23, 20),
(30, 20),
(37, 20),
(44, 20),
(51, 20),
(58, 20),
(65, 20),
(72, 20),
(79, 20),
(86, 20),
(93, 20),
(100, 20),
(107, 20),
(114, 20),
(121, 20),
(128, 20),
(135, 20),
(142, 20),
(149, 20),
(156, 20),
(163, 20),
(170, 20),
(177, 20),
(184, 20),
(191, 20),
(198, 20),
(205, 20),
(212, 20),
(219, 20),
(226, 20),
(233, 20),
(240, 20),
(247, 20),
(254, 20),
(261, 20),
(268, 20),
(275, 20),
(282, 20),
(289, 20),
(296, 20),
(303, 20),
(310, 20),
(317, 20),
(324, 20),
(331, 20),
(338, 20),
(345, 20),
(352, 20),
(359, 20),
(366, 20),
(373, 20),
(2, 21),
(9, 21),
(16, 21),
(23, 21),
(30, 21),
(37, 21),
(44, 21),
(51, 21),
(58, 21),
(65, 21),
(72, 21),
(79, 21),
(86, 21),
(93, 21),
(100, 21),
(107, 21),
(114, 21),
(121, 21),
(128, 21),
(135, 21),
(142, 21),
(149, 21),
(156, 21),
(163, 21),
(170, 21),
(177, 21),
(184, 21),
(191, 21),
(198, 21),
(205, 21),
(212, 21),
(219, 21),
(226, 21),
(233, 21),
(240, 21),
(247, 21),
(254, 21),
(261, 21),
(268, 21),
(275, 21),
(282, 21),
(289, 21),
(296, 21),
(303, 21),
(310, 21),
(317, 21),
(324, 21),
(331, 21),
(338, 21),
(345, 21),
(352, 21),
(359, 21),
(366, 21),
(373, 21),
(2, 22),
(9, 22),
(16, 22),
(23, 22),
(30, 22),
(37, 22),
(44, 22),
(51, 22),
(58, 22),
(65, 22),
(72, 22),
(79, 22),
(86, 22),
(93, 22),
(100, 22),
(107, 22),
(114, 22),
(121, 22),
(128, 22),
(135, 22),
(142, 22),
(149, 22),
(156, 22),
(163, 22),
(170, 22),
(177, 22),
(184, 22),
(191, 22),
(198, 22),
(205, 22),
(212, 22),
(219, 22),
(226, 22),
(233, 22),
(240, 22),
(247, 22),
(254, 22),
(261, 22),
(268, 22),
(275, 22),
(282, 22),
(289, 22),
(296, 22),
(303, 22),
(310, 22),
(317, 22),
(324, 22),
(331, 22),
(338, 22),
(345, 22),
(352, 22),
(359, 22),
(366, 22),
(373, 22),
(2, 23),
(9, 23),
(16, 23),
(23, 23),
(30, 23),
(37, 23),
(44, 23),
(51, 23),
(58, 23),
(65, 23),
(72, 23),
(79, 23),
(86, 23),
(93, 23),
(100, 23),
(107, 23),
(114, 23),
(121, 23),
(128, 23),
(135, 23),
(142, 23),
(149, 23),
(156, 23),
(163, 23),
(170, 23),
(177, 23),
(184, 23),
(191, 23),
(198, 23),
(205, 23),
(212, 23),
(219, 23),
(226, 23),
(233, 23),
(240, 23),
(247, 23),
(254, 23),
(261, 23),
(268, 23),
(275, 23),
(282, 23),
(289, 23),
(296, 23),
(303, 23),
(310, 23),
(317, 23),
(324, 23),
(331, 23),
(338, 23),
(345, 23),
(352, 23),
(359, 23),
(366, 23),
(373, 23),
(2, 24),
(9, 24),
(16, 24),
(23, 24),
(30, 24),
(37, 24),
(44, 24),
(51, 24),
(58, 24),
(65, 24),
(72, 24),
(79, 24),
(86, 24),
(93, 24),
(100, 24),
(107, 24),
(114, 24),
(121, 24),
(128, 24),
(135, 24),
(142, 24),
(149, 24),
(156, 24),
(163, 24),
(170, 24),
(177, 24),
(184, 24),
(191, 24),
(198, 24),
(205, 24),
(212, 24),
(219, 24),
(226, 24),
(233, 24),
(240, 24),
(247, 24),
(254, 24),
(261, 24),
(268, 24),
(275, 24),
(282, 24),
(289, 24),
(296, 24),
(303, 24),
(310, 24),
(317, 24),
(324, 24),
(331, 24),
(338, 24),
(345, 24),
(352, 24),
(359, 24),
(366, 24),
(373, 24),
(3, 25),
(10, 25),
(17, 25),
(24, 25),
(31, 25),
(38, 25),
(45, 25),
(52, 25),
(59, 25),
(66, 25),
(73, 25),
(80, 25),
(87, 25),
(94, 25),
(101, 25),
(108, 25),
(115, 25),
(122, 25),
(129, 25),
(136, 25),
(143, 25),
(150, 25),
(157, 25),
(164, 25),
(171, 25),
(178, 25),
(185, 25),
(192, 25),
(199, 25),
(206, 25),
(213, 25),
(220, 25),
(227, 25),
(234, 25),
(241, 25),
(248, 25),
(255, 25),
(262, 25),
(269, 25),
(276, 25),
(283, 25),
(290, 25),
(297, 25),
(304, 25),
(311, 25),
(318, 25),
(325, 25),
(332, 25),
(339, 25),
(346, 25),
(353, 25),
(360, 25),
(367, 25),
(374, 25),
(3, 26),
(10, 26),
(17, 26),
(24, 26),
(31, 26),
(38, 26),
(45, 26),
(52, 26),
(59, 26),
(66, 26),
(73, 26),
(80, 26),
(87, 26),
(94, 26),
(101, 26),
(108, 26),
(115, 26),
(122, 26),
(129, 26),
(136, 26),
(143, 26),
(150, 26),
(157, 26),
(164, 26),
(171, 26),
(178, 26),
(185, 26),
(192, 26),
(199, 26),
(206, 26),
(213, 26),
(220, 26),
(227, 26),
(234, 26),
(241, 26),
(248, 26),
(255, 26),
(262, 26),
(269, 26),
(276, 26),
(283, 26),
(290, 26),
(297, 26),
(304, 26),
(311, 26),
(318, 26),
(325, 26),
(332, 26),
(339, 26),
(346, 26),
(353, 26),
(360, 26),
(367, 26),
(374, 26),
(3, 27),
(10, 27),
(17, 27),
(24, 27),
(31, 27),
(38, 27),
(45, 27),
(52, 27),
(59, 27),
(66, 27),
(73, 27),
(80, 27),
(87, 27),
(94, 27),
(101, 27),
(108, 27),
(115, 27),
(122, 27),
(129, 27),
(136, 27),
(143, 27),
(150, 27),
(157, 27),
(164, 27),
(171, 27),
(178, 27),
(185, 27),
(192, 27),
(199, 27),
(206, 27),
(213, 27),
(220, 27),
(227, 27),
(234, 27),
(241, 27),
(248, 27),
(255, 27),
(262, 27),
(269, 27),
(276, 27),
(283, 27),
(290, 27),
(297, 27),
(304, 27),
(311, 27),
(318, 27),
(325, 27),
(332, 27),
(339, 27),
(346, 27),
(353, 27),
(360, 27),
(367, 27),
(374, 27),
(3, 28),
(10, 28),
(17, 28),
(24, 28),
(31, 28),
(38, 28),
(45, 28),
(52, 28),
(59, 28),
(66, 28),
(73, 28),
(80, 28),
(87, 28),
(94, 28),
(101, 28),
(108, 28),
(115, 28),
(122, 28),
(129, 28),
(136, 28),
(143, 28),
(150, 28),
(157, 28),
(164, 28),
(171, 28),
(178, 28),
(185, 28),
(192, 28),
(199, 28),
(206, 28),
(213, 28),
(220, 28),
(227, 28),
(234, 28),
(241, 28),
(248, 28),
(255, 28),
(262, 28),
(269, 28),
(276, 28),
(283, 28),
(290, 28),
(297, 28),
(304, 28),
(311, 28),
(318, 28),
(325, 28),
(332, 28),
(339, 28),
(346, 28),
(353, 28),
(360, 28),
(367, 28),
(374, 28),
(3, 29),
(10, 29),
(17, 29),
(24, 29),
(31, 29),
(38, 29),
(45, 29),
(52, 29),
(59, 29),
(66, 29),
(73, 29),
(80, 29),
(87, 29),
(94, 29),
(101, 29),
(108, 29),
(115, 29),
(122, 29),
(129, 29),
(136, 29),
(143, 29),
(150, 29),
(157, 29),
(164, 29),
(171, 29),
(178, 29),
(185, 29),
(192, 29),
(199, 29),
(206, 29),
(213, 29),
(220, 29),
(227, 29),
(234, 29),
(241, 29),
(248, 29),
(255, 29),
(262, 29),
(269, 29),
(276, 29),
(283, 29),
(290, 29),
(297, 29),
(304, 29),
(311, 29),
(318, 29),
(325, 29),
(332, 29),
(339, 29),
(346, 29),
(353, 29),
(360, 29),
(367, 29),
(374, 29),
(3, 30),
(10, 30),
(17, 30),
(24, 30),
(31, 30),
(38, 30),
(45, 30),
(52, 30),
(59, 30),
(66, 30),
(73, 30),
(80, 30),
(87, 30),
(94, 30),
(101, 30),
(108, 30),
(115, 30),
(122, 30),
(129, 30),
(136, 30),
(143, 30),
(150, 30),
(157, 30),
(164, 30),
(171, 30),
(178, 30),
(185, 30),
(192, 30),
(199, 30),
(206, 30),
(213, 30),
(220, 30),
(227, 30),
(234, 30),
(241, 30),
(248, 30),
(255, 30),
(262, 30),
(269, 30),
(276, 30),
(283, 30),
(290, 30),
(297, 30),
(304, 30),
(311, 30),
(318, 30),
(325, 30),
(332, 30),
(339, 30),
(346, 30),
(353, 30),
(360, 30),
(367, 30),
(374, 30),
(3, 31),
(10, 31),
(17, 31),
(24, 31),
(31, 31),
(38, 31),
(45, 31),
(52, 31),
(59, 31),
(66, 31),
(73, 31),
(80, 31),
(87, 31),
(94, 31),
(101, 31),
(108, 31),
(115, 31),
(122, 31),
(129, 31),
(136, 31),
(143, 31),
(150, 31),
(157, 31),
(164, 31),
(171, 31),
(178, 31),
(185, 31),
(192, 31),
(199, 31),
(206, 31),
(213, 31),
(220, 31),
(227, 31),
(234, 31),
(241, 31),
(248, 31),
(255, 31),
(262, 31),
(269, 31),
(276, 31),
(283, 31),
(290, 31),
(297, 31),
(304, 31),
(311, 31),
(318, 31),
(325, 31),
(332, 31),
(339, 31),
(346, 31),
(353, 31),
(360, 31),
(367, 31),
(374, 31),
(3, 32),
(10, 32),
(17, 32),
(24, 32),
(31, 32),
(38, 32),
(45, 32),
(52, 32),
(59, 32),
(66, 32),
(73, 32),
(80, 32),
(87, 32),
(94, 32),
(101, 32),
(108, 32),
(115, 32),
(122, 32),
(129, 32),
(136, 32),
(143, 32),
(150, 32),
(157, 32),
(164, 32),
(171, 32),
(178, 32),
(185, 32),
(192, 32),
(199, 32),
(206, 32),
(213, 32),
(220, 32),
(227, 32),
(234, 32),
(241, 32),
(248, 32),
(255, 32),
(262, 32),
(269, 32),
(276, 32),
(283, 32),
(290, 32),
(297, 32),
(304, 32),
(311, 32),
(318, 32),
(325, 32),
(332, 32),
(339, 32),
(346, 32),
(353, 32),
(360, 32),
(367, 32),
(374, 32),
(3, 33),
(10, 33),
(17, 33),
(24, 33),
(31, 33),
(38, 33),
(45, 33),
(52, 33),
(59, 33),
(66, 33),
(73, 33),
(80, 33),
(87, 33),
(94, 33),
(101, 33),
(108, 33),
(115, 33),
(122, 33),
(129, 33),
(136, 33),
(143, 33),
(150, 33),
(157, 33),
(164, 33),
(171, 33),
(178, 33),
(185, 33),
(192, 33),
(199, 33),
(206, 33),
(213, 33),
(220, 33),
(227, 33),
(234, 33),
(241, 33),
(248, 33),
(255, 33),
(262, 33),
(269, 33),
(276, 33),
(283, 33),
(290, 33),
(297, 33),
(304, 33),
(311, 33),
(318, 33),
(325, 33),
(332, 33),
(339, 33),
(346, 33),
(353, 33),
(360, 33),
(367, 33),
(374, 33),
(3, 34),
(10, 34),
(17, 34),
(24, 34),
(31, 34),
(38, 34),
(45, 34),
(52, 34),
(59, 34),
(66, 34),
(73, 34),
(80, 34),
(87, 34),
(94, 34),
(101, 34),
(108, 34),
(115, 34),
(122, 34),
(129, 34),
(136, 34),
(143, 34),
(150, 34),
(157, 34),
(164, 34),
(171, 34),
(178, 34),
(185, 34),
(192, 34),
(199, 34),
(206, 34),
(213, 34),
(220, 34),
(227, 34),
(234, 34),
(241, 34),
(248, 34),
(255, 34),
(262, 34),
(269, 34),
(276, 34),
(283, 34),
(290, 34),
(297, 34),
(304, 34),
(311, 34),
(318, 34),
(325, 34),
(332, 34),
(339, 34),
(346, 34),
(353, 34),
(360, 34),
(367, 34),
(374, 34),
(3, 35),
(10, 35),
(17, 35),
(24, 35),
(31, 35),
(38, 35),
(45, 35),
(52, 35),
(59, 35),
(66, 35),
(73, 35),
(80, 35),
(87, 35),
(94, 35),
(101, 35),
(108, 35),
(115, 35),
(122, 35),
(129, 35),
(136, 35),
(143, 35),
(150, 35),
(157, 35),
(164, 35),
(171, 35),
(178, 35),
(185, 35),
(192, 35),
(199, 35),
(206, 35),
(213, 35),
(220, 35),
(227, 35),
(234, 35),
(241, 35),
(248, 35),
(255, 35),
(262, 35),
(269, 35),
(276, 35),
(283, 35),
(290, 35),
(297, 35),
(304, 35),
(311, 35),
(318, 35),
(325, 35),
(332, 35),
(339, 35),
(346, 35),
(353, 35),
(360, 35),
(367, 35),
(374, 35),
(3, 36),
(10, 36),
(17, 36),
(24, 36),
(31, 36),
(38, 36),
(45, 36),
(52, 36),
(59, 36),
(66, 36),
(73, 36),
(80, 36),
(87, 36),
(94, 36),
(101, 36),
(108, 36),
(115, 36),
(122, 36),
(129, 36),
(136, 36),
(143, 36),
(150, 36),
(157, 36),
(164, 36),
(171, 36),
(178, 36),
(185, 36),
(192, 36),
(199, 36),
(206, 36),
(213, 36),
(220, 36),
(227, 36),
(234, 36),
(241, 36),
(248, 36),
(255, 36),
(262, 36),
(269, 36),
(276, 36),
(283, 36),
(290, 36),
(297, 36),
(304, 36),
(311, 36),
(318, 36),
(325, 36),
(332, 36),
(339, 36),
(346, 36),
(353, 36),
(360, 36),
(367, 36),
(374, 36),
(4, 37),
(11, 37),
(18, 37),
(25, 37),
(32, 37),
(39, 37),
(46, 37),
(53, 37),
(60, 37),
(67, 37),
(74, 37),
(81, 37),
(88, 37),
(95, 37),
(102, 37),
(109, 37),
(116, 37),
(123, 37),
(130, 37),
(137, 37),
(144, 37),
(151, 37),
(158, 37),
(165, 37),
(172, 37),
(179, 37),
(186, 37),
(193, 37),
(200, 37),
(207, 37),
(214, 37),
(221, 37),
(228, 37),
(235, 37),
(242, 37),
(249, 37),
(256, 37),
(263, 37),
(270, 37),
(277, 37),
(284, 37),
(291, 37),
(298, 37),
(305, 37),
(312, 37),
(319, 37),
(326, 37),
(333, 37),
(340, 37),
(347, 37),
(354, 37),
(361, 37),
(368, 37),
(375, 37),
(4, 38),
(11, 38),
(18, 38),
(25, 38),
(32, 38),
(39, 38),
(46, 38),
(53, 38),
(60, 38),
(67, 38),
(74, 38),
(81, 38),
(88, 38),
(95, 38),
(102, 38),
(109, 38),
(116, 38),
(123, 38),
(130, 38),
(137, 38),
(144, 38),
(151, 38),
(158, 38),
(165, 38),
(172, 38),
(179, 38),
(186, 38),
(193, 38),
(200, 38),
(207, 38),
(214, 38),
(221, 38),
(228, 38),
(235, 38),
(242, 38),
(249, 38),
(256, 38),
(263, 38),
(270, 38),
(277, 38),
(284, 38),
(291, 38),
(298, 38),
(305, 38),
(312, 38),
(319, 38),
(326, 38),
(333, 38),
(340, 38),
(347, 38),
(354, 38),
(361, 38),
(368, 38),
(375, 38),
(4, 39),
(11, 39),
(18, 39),
(25, 39),
(32, 39),
(39, 39),
(46, 39),
(53, 39),
(60, 39),
(67, 39),
(74, 39),
(81, 39),
(88, 39),
(95, 39),
(102, 39),
(109, 39),
(116, 39),
(123, 39),
(130, 39),
(137, 39),
(144, 39),
(151, 39),
(158, 39),
(165, 39),
(172, 39),
(179, 39),
(186, 39),
(193, 39),
(200, 39),
(207, 39),
(214, 39),
(221, 39),
(228, 39),
(235, 39),
(242, 39),
(249, 39),
(256, 39),
(263, 39),
(270, 39),
(277, 39),
(284, 39),
(291, 39),
(298, 39),
(305, 39),
(312, 39),
(319, 39),
(326, 39),
(333, 39),
(340, 39),
(347, 39),
(354, 39),
(361, 39),
(368, 39),
(375, 39),
(4, 40),
(11, 40),
(18, 40),
(25, 40),
(32, 40),
(39, 40),
(46, 40),
(53, 40),
(60, 40),
(67, 40),
(74, 40),
(81, 40),
(88, 40),
(95, 40),
(102, 40),
(109, 40),
(116, 40),
(123, 40),
(130, 40),
(137, 40),
(144, 40),
(151, 40),
(158, 40),
(165, 40),
(172, 40),
(179, 40),
(186, 40),
(193, 40),
(200, 40),
(207, 40),
(214, 40),
(221, 40),
(228, 40),
(235, 40),
(242, 40),
(249, 40),
(256, 40),
(263, 40),
(270, 40),
(277, 40),
(284, 40),
(291, 40),
(298, 40),
(305, 40),
(312, 40),
(319, 40),
(326, 40),
(333, 40),
(340, 40),
(347, 40),
(354, 40),
(361, 40),
(368, 40),
(375, 40),
(4, 41),
(11, 41),
(18, 41),
(25, 41),
(32, 41),
(39, 41),
(46, 41),
(53, 41),
(60, 41),
(67, 41),
(74, 41),
(81, 41),
(88, 41),
(95, 41),
(102, 41),
(109, 41),
(116, 41),
(123, 41),
(130, 41),
(137, 41),
(144, 41),
(151, 41),
(158, 41),
(165, 41),
(172, 41),
(179, 41),
(186, 41),
(193, 41),
(200, 41),
(207, 41),
(214, 41),
(221, 41),
(228, 41),
(235, 41),
(242, 41),
(249, 41),
(256, 41),
(263, 41),
(270, 41),
(277, 41),
(284, 41),
(291, 41),
(298, 41),
(305, 41),
(312, 41),
(319, 41),
(326, 41),
(333, 41),
(340, 41),
(347, 41),
(354, 41),
(361, 41),
(368, 41),
(375, 41),
(4, 42),
(11, 42),
(18, 42),
(25, 42),
(32, 42),
(39, 42),
(46, 42),
(53, 42),
(60, 42),
(67, 42),
(74, 42),
(81, 42),
(88, 42),
(95, 42),
(102, 42),
(109, 42),
(116, 42),
(123, 42),
(130, 42),
(137, 42),
(144, 42),
(151, 42),
(158, 42),
(165, 42),
(172, 42),
(179, 42),
(186, 42),
(193, 42),
(200, 42),
(207, 42),
(214, 42),
(221, 42),
(228, 42),
(235, 42),
(242, 42),
(249, 42),
(256, 42),
(263, 42),
(270, 42),
(277, 42),
(284, 42),
(291, 42),
(298, 42),
(305, 42),
(312, 42),
(319, 42),
(326, 42),
(333, 42),
(340, 42),
(347, 42),
(354, 42),
(361, 42),
(368, 42),
(375, 42),
(4, 43),
(11, 43),
(18, 43),
(25, 43),
(32, 43),
(39, 43),
(46, 43),
(53, 43),
(60, 43),
(67, 43),
(74, 43),
(81, 43),
(88, 43),
(95, 43),
(102, 43),
(109, 43),
(116, 43),
(123, 43),
(130, 43),
(137, 43),
(144, 43),
(151, 43),
(158, 43),
(165, 43),
(172, 43),
(179, 43),
(186, 43),
(193, 43),
(200, 43),
(207, 43),
(214, 43),
(221, 43),
(228, 43),
(235, 43),
(242, 43),
(249, 43),
(256, 43),
(263, 43),
(270, 43),
(277, 43),
(284, 43),
(291, 43),
(298, 43),
(305, 43),
(312, 43),
(319, 43),
(326, 43),
(333, 43),
(340, 43),
(347, 43),
(354, 43),
(361, 43),
(368, 43),
(375, 43),
(4, 44),
(11, 44),
(18, 44),
(25, 44),
(32, 44),
(39, 44),
(46, 44),
(53, 44),
(60, 44),
(67, 44),
(74, 44),
(81, 44),
(88, 44),
(95, 44),
(102, 44),
(109, 44),
(116, 44),
(123, 44),
(130, 44),
(137, 44),
(144, 44),
(151, 44),
(158, 44),
(165, 44),
(172, 44),
(179, 44),
(186, 44),
(193, 44),
(200, 44),
(207, 44),
(214, 44),
(221, 44),
(228, 44),
(235, 44),
(242, 44),
(249, 44),
(256, 44),
(263, 44),
(270, 44),
(277, 44),
(284, 44),
(291, 44),
(298, 44),
(305, 44),
(312, 44),
(319, 44),
(326, 44),
(333, 44),
(340, 44),
(347, 44),
(354, 44),
(361, 44),
(368, 44),
(375, 44),
(4, 45),
(11, 45),
(18, 45),
(25, 45),
(32, 45),
(39, 45),
(46, 45),
(53, 45),
(60, 45),
(67, 45),
(74, 45),
(81, 45),
(88, 45),
(95, 45),
(102, 45),
(109, 45),
(116, 45),
(123, 45),
(130, 45),
(137, 45),
(144, 45),
(151, 45),
(158, 45),
(165, 45),
(172, 45),
(179, 45),
(186, 45),
(193, 45),
(200, 45),
(207, 45),
(214, 45),
(221, 45),
(228, 45),
(235, 45),
(242, 45),
(249, 45),
(256, 45),
(263, 45),
(270, 45),
(277, 45),
(284, 45),
(291, 45),
(298, 45),
(305, 45),
(312, 45),
(319, 45),
(326, 45),
(333, 45),
(340, 45),
(347, 45),
(354, 45),
(361, 45),
(368, 45),
(375, 45),
(4, 46),
(11, 46),
(18, 46),
(25, 46),
(32, 46),
(39, 46),
(46, 46),
(53, 46),
(60, 46),
(67, 46),
(74, 46),
(81, 46),
(88, 46),
(95, 46),
(102, 46),
(109, 46),
(116, 46),
(123, 46),
(130, 46),
(137, 46),
(144, 46),
(151, 46),
(158, 46),
(165, 46),
(172, 46),
(179, 46),
(186, 46),
(193, 46),
(200, 46),
(207, 46),
(214, 46),
(221, 46),
(228, 46),
(235, 46),
(242, 46),
(249, 46),
(256, 46),
(263, 46),
(270, 46),
(277, 46),
(284, 46),
(291, 46),
(298, 46),
(305, 46),
(312, 46),
(319, 46),
(326, 46),
(333, 46),
(340, 46),
(347, 46),
(354, 46),
(361, 46),
(368, 46),
(375, 46),
(4, 47),
(11, 47),
(18, 47),
(25, 47),
(32, 47),
(39, 47),
(46, 47),
(53, 47),
(60, 47),
(67, 47),
(74, 47),
(81, 47),
(88, 47),
(95, 47),
(102, 47),
(109, 47),
(116, 47),
(123, 47),
(130, 47),
(137, 47),
(144, 47),
(151, 47),
(158, 47),
(165, 47),
(172, 47),
(179, 47),
(186, 47),
(193, 47),
(200, 47),
(207, 47),
(214, 47),
(221, 47),
(228, 47),
(235, 47),
(242, 47),
(249, 47),
(256, 47),
(263, 47),
(270, 47),
(277, 47),
(284, 47),
(291, 47),
(298, 47),
(305, 47),
(312, 47),
(319, 47),
(326, 47),
(333, 47),
(340, 47),
(347, 47),
(354, 47),
(361, 47),
(368, 47),
(375, 47),
(4, 48),
(11, 48),
(18, 48),
(25, 48),
(32, 48),
(39, 48),
(46, 48),
(53, 48),
(60, 48),
(67, 48),
(74, 48),
(81, 48),
(88, 48),
(95, 48),
(102, 48),
(109, 48),
(116, 48),
(123, 48),
(130, 48),
(137, 48),
(144, 48),
(151, 48),
(158, 48),
(165, 48),
(172, 48),
(179, 48),
(186, 48),
(193, 48),
(200, 48),
(207, 48),
(214, 48),
(221, 48),
(228, 48),
(235, 48),
(242, 48),
(249, 48),
(256, 48),
(263, 48),
(270, 48),
(277, 48),
(284, 48),
(291, 48),
(298, 48),
(305, 48),
(312, 48),
(319, 48),
(326, 48),
(333, 48),
(340, 48),
(347, 48),
(354, 48),
(361, 48),
(368, 48),
(375, 48),
(5, 49),
(12, 49),
(19, 49),
(26, 49),
(33, 49),
(40, 49),
(47, 49),
(54, 49),
(61, 49),
(68, 49),
(75, 49),
(82, 49),
(89, 49),
(96, 49),
(103, 49),
(110, 49),
(117, 49),
(124, 49),
(131, 49),
(138, 49),
(145, 49),
(152, 49),
(159, 49),
(166, 49),
(173, 49),
(180, 49),
(187, 49),
(194, 49),
(201, 49),
(208, 49),
(215, 49),
(222, 49),
(229, 49),
(236, 49),
(243, 49),
(250, 49),
(257, 49),
(264, 49),
(271, 49),
(278, 49),
(285, 49),
(292, 49),
(299, 49),
(306, 49),
(313, 49),
(320, 49),
(327, 49),
(334, 49),
(341, 49),
(348, 49),
(355, 49),
(362, 49),
(369, 49),
(376, 49),
(5, 50),
(12, 50),
(19, 50),
(26, 50),
(33, 50),
(40, 50),
(47, 50),
(54, 50),
(61, 50),
(68, 50),
(75, 50),
(82, 50),
(89, 50),
(96, 50),
(103, 50),
(110, 50),
(117, 50),
(124, 50),
(131, 50),
(138, 50),
(145, 50),
(152, 50),
(159, 50),
(166, 50),
(173, 50),
(180, 50),
(187, 50),
(194, 50),
(201, 50),
(208, 50),
(215, 50),
(222, 50),
(229, 50),
(236, 50),
(243, 50),
(250, 50),
(257, 50),
(264, 50),
(271, 50),
(278, 50),
(285, 50),
(292, 50),
(299, 50),
(306, 50),
(313, 50),
(320, 50),
(327, 50),
(334, 50),
(341, 50),
(348, 50),
(355, 50),
(362, 50),
(369, 50),
(376, 50),
(5, 51),
(12, 51),
(19, 51),
(26, 51),
(33, 51),
(40, 51),
(47, 51),
(54, 51),
(61, 51),
(68, 51),
(75, 51),
(82, 51),
(89, 51),
(96, 51),
(103, 51),
(110, 51),
(117, 51),
(124, 51),
(131, 51),
(138, 51),
(145, 51),
(152, 51),
(159, 51),
(166, 51),
(173, 51),
(180, 51),
(187, 51),
(194, 51),
(201, 51),
(208, 51),
(215, 51),
(222, 51),
(229, 51),
(236, 51),
(243, 51),
(250, 51),
(257, 51),
(264, 51),
(271, 51),
(278, 51),
(285, 51),
(292, 51),
(299, 51),
(306, 51),
(313, 51),
(320, 51),
(327, 51),
(334, 51),
(341, 51),
(348, 51),
(355, 51),
(362, 51),
(369, 51),
(376, 51),
(5, 52),
(12, 52),
(19, 52),
(26, 52),
(33, 52),
(40, 52),
(47, 52),
(54, 52),
(61, 52),
(68, 52),
(75, 52),
(82, 52),
(89, 52),
(96, 52),
(103, 52),
(110, 52),
(117, 52),
(124, 52),
(131, 52),
(138, 52),
(145, 52),
(152, 52),
(159, 52),
(166, 52),
(173, 52),
(180, 52),
(187, 52),
(194, 52),
(201, 52),
(208, 52),
(215, 52),
(222, 52),
(229, 52),
(236, 52),
(243, 52),
(250, 52),
(257, 52),
(264, 52),
(271, 52),
(278, 52),
(285, 52),
(292, 52),
(299, 52),
(306, 52),
(313, 52),
(320, 52),
(327, 52),
(334, 52),
(341, 52),
(348, 52),
(355, 52),
(362, 52),
(369, 52),
(376, 52),
(5, 53),
(12, 53),
(19, 53),
(26, 53),
(33, 53),
(40, 53),
(47, 53),
(54, 53),
(61, 53),
(68, 53),
(75, 53),
(82, 53),
(89, 53),
(96, 53),
(103, 53),
(110, 53),
(117, 53),
(124, 53),
(131, 53),
(138, 53),
(145, 53),
(152, 53),
(159, 53),
(166, 53),
(173, 53),
(180, 53),
(187, 53),
(194, 53),
(201, 53),
(208, 53),
(215, 53),
(222, 53),
(229, 53),
(236, 53),
(243, 53),
(250, 53),
(257, 53),
(264, 53),
(271, 53),
(278, 53),
(285, 53),
(292, 53),
(299, 53),
(306, 53),
(313, 53),
(320, 53),
(327, 53),
(334, 53),
(341, 53),
(348, 53),
(355, 53),
(362, 53),
(369, 53),
(376, 53),
(5, 54),
(12, 54),
(19, 54),
(26, 54),
(33, 54),
(40, 54),
(47, 54),
(54, 54),
(61, 54),
(68, 54),
(75, 54),
(82, 54),
(89, 54),
(96, 54),
(103, 54),
(110, 54),
(117, 54),
(124, 54),
(131, 54),
(138, 54),
(145, 54),
(152, 54),
(159, 54),
(166, 54),
(173, 54),
(180, 54),
(187, 54),
(194, 54),
(201, 54),
(208, 54),
(215, 54),
(222, 54),
(229, 54),
(236, 54),
(243, 54),
(250, 54),
(257, 54),
(264, 54),
(271, 54),
(278, 54),
(285, 54),
(292, 54),
(299, 54),
(306, 54),
(313, 54),
(320, 54),
(327, 54),
(334, 54),
(341, 54),
(348, 54),
(355, 54),
(362, 54),
(369, 54),
(376, 54),
(5, 55),
(12, 55),
(19, 55),
(26, 55),
(33, 55),
(40, 55),
(47, 55),
(54, 55),
(61, 55),
(68, 55),
(75, 55),
(82, 55),
(89, 55),
(96, 55),
(103, 55),
(110, 55),
(117, 55),
(124, 55),
(131, 55),
(138, 55),
(145, 55),
(152, 55),
(159, 55),
(166, 55),
(173, 55),
(180, 55),
(187, 55),
(194, 55),
(201, 55),
(208, 55),
(215, 55),
(222, 55),
(229, 55),
(236, 55),
(243, 55),
(250, 55),
(257, 55),
(264, 55),
(271, 55),
(278, 55),
(285, 55),
(292, 55),
(299, 55),
(306, 55),
(313, 55),
(320, 55),
(327, 55),
(334, 55),
(341, 55),
(348, 55),
(355, 55),
(362, 55),
(369, 55),
(376, 55),
(5, 56),
(12, 56),
(19, 56),
(26, 56),
(33, 56),
(40, 56),
(47, 56),
(54, 56),
(61, 56),
(68, 56),
(75, 56),
(82, 56),
(89, 56),
(96, 56),
(103, 56),
(110, 56),
(117, 56),
(124, 56),
(131, 56),
(138, 56),
(145, 56),
(152, 56),
(159, 56),
(166, 56),
(173, 56),
(180, 56),
(187, 56),
(194, 56),
(201, 56),
(208, 56),
(215, 56),
(222, 56),
(229, 56),
(236, 56),
(243, 56),
(250, 56),
(257, 56),
(264, 56),
(271, 56),
(278, 56),
(285, 56),
(292, 56),
(299, 56),
(306, 56),
(313, 56),
(320, 56),
(327, 56),
(334, 56),
(341, 56),
(348, 56),
(355, 56),
(362, 56),
(369, 56),
(376, 56),
(5, 57),
(12, 57),
(19, 57),
(26, 57),
(33, 57),
(40, 57),
(47, 57),
(54, 57),
(61, 57),
(68, 57),
(75, 57),
(82, 57),
(89, 57),
(96, 57),
(103, 57),
(110, 57),
(117, 57),
(124, 57),
(131, 57),
(138, 57),
(145, 57),
(152, 57),
(159, 57),
(166, 57),
(173, 57),
(180, 57),
(187, 57),
(194, 57),
(201, 57),
(208, 57),
(215, 57),
(222, 57),
(229, 57),
(236, 57),
(243, 57),
(250, 57),
(257, 57),
(264, 57),
(271, 57),
(278, 57),
(285, 57),
(292, 57),
(299, 57),
(306, 57),
(313, 57),
(320, 57),
(327, 57),
(334, 57),
(341, 57),
(348, 57),
(355, 57),
(362, 57),
(369, 57),
(376, 57),
(5, 58),
(12, 58),
(19, 58),
(26, 58),
(33, 58),
(40, 58),
(47, 58),
(54, 58),
(61, 58),
(68, 58),
(75, 58),
(82, 58),
(89, 58),
(96, 58),
(103, 58),
(110, 58),
(117, 58),
(124, 58),
(131, 58),
(138, 58),
(145, 58),
(152, 58),
(159, 58),
(166, 58),
(173, 58),
(180, 58),
(187, 58),
(194, 58),
(201, 58),
(208, 58),
(215, 58),
(222, 58),
(229, 58),
(236, 58),
(243, 58),
(250, 58),
(257, 58),
(264, 58),
(271, 58),
(278, 58),
(285, 58),
(292, 58),
(299, 58),
(306, 58),
(313, 58),
(320, 58),
(327, 58),
(334, 58),
(341, 58),
(348, 58),
(355, 58),
(362, 58),
(369, 58),
(376, 58),
(5, 59),
(12, 59),
(19, 59),
(26, 59),
(33, 59),
(40, 59),
(47, 59),
(54, 59),
(61, 59),
(68, 59),
(75, 59),
(82, 59),
(89, 59),
(96, 59),
(103, 59),
(110, 59),
(117, 59),
(124, 59),
(131, 59),
(138, 59),
(145, 59),
(152, 59),
(159, 59),
(166, 59),
(173, 59),
(180, 59),
(187, 59),
(194, 59),
(201, 59),
(208, 59),
(215, 59),
(222, 59),
(229, 59),
(236, 59),
(243, 59),
(250, 59),
(257, 59),
(264, 59),
(271, 59),
(278, 59),
(285, 59),
(292, 59),
(299, 59),
(306, 59),
(313, 59),
(320, 59),
(327, 59),
(334, 59),
(341, 59),
(348, 59),
(355, 59),
(362, 59),
(369, 59),
(376, 59),
(5, 60),
(12, 60),
(19, 60),
(26, 60),
(33, 60),
(40, 60),
(47, 60),
(54, 60),
(61, 60),
(68, 60),
(75, 60),
(82, 60),
(89, 60),
(96, 60),
(103, 60),
(110, 60),
(117, 60),
(124, 60),
(131, 60),
(138, 60),
(145, 60),
(152, 60),
(159, 60),
(166, 60),
(173, 60),
(180, 60),
(187, 60),
(194, 60),
(201, 60),
(208, 60),
(215, 60),
(222, 60),
(229, 60),
(236, 60),
(243, 60),
(250, 60),
(257, 60),
(264, 60),
(271, 60),
(278, 60),
(285, 60),
(292, 60),
(299, 60),
(306, 60),
(313, 60),
(320, 60),
(327, 60),
(334, 60),
(341, 60),
(348, 60),
(355, 60),
(362, 60),
(369, 60),
(376, 60),
(6, 61),
(13, 61),
(20, 61),
(27, 61),
(34, 61),
(41, 61),
(48, 61),
(55, 61),
(62, 61),
(69, 61),
(76, 61),
(83, 61),
(90, 61),
(97, 61),
(104, 61),
(111, 61),
(118, 61),
(125, 61),
(132, 61),
(139, 61),
(146, 61),
(153, 61),
(160, 61),
(167, 61),
(174, 61),
(181, 61),
(188, 61),
(195, 61),
(202, 61),
(209, 61),
(216, 61),
(223, 61),
(230, 61),
(237, 61),
(244, 61),
(251, 61),
(258, 61),
(265, 61),
(272, 61),
(279, 61),
(286, 61),
(293, 61),
(300, 61),
(307, 61),
(314, 61),
(321, 61),
(328, 61),
(335, 61),
(342, 61),
(349, 61),
(356, 61),
(363, 61),
(370, 61),
(377, 61),
(6, 62),
(13, 62),
(20, 62),
(27, 62),
(34, 62),
(41, 62),
(48, 62),
(55, 62),
(62, 62),
(69, 62),
(76, 62),
(83, 62),
(90, 62),
(97, 62),
(104, 62),
(111, 62),
(118, 62),
(125, 62),
(132, 62),
(139, 62),
(146, 62),
(153, 62),
(160, 62),
(167, 62),
(174, 62),
(181, 62),
(188, 62),
(195, 62),
(202, 62),
(209, 62),
(216, 62),
(223, 62),
(230, 62),
(237, 62),
(244, 62),
(251, 62),
(258, 62),
(265, 62),
(272, 62),
(279, 62),
(286, 62),
(293, 62),
(300, 62),
(307, 62),
(314, 62),
(321, 62),
(328, 62),
(335, 62),
(342, 62),
(349, 62),
(356, 62),
(363, 62),
(370, 62),
(377, 62),
(6, 63),
(13, 63),
(20, 63),
(27, 63),
(34, 63),
(41, 63),
(48, 63),
(55, 63),
(62, 63),
(69, 63),
(76, 63),
(83, 63),
(90, 63),
(97, 63),
(104, 63),
(111, 63),
(118, 63),
(125, 63),
(132, 63),
(139, 63),
(146, 63),
(153, 63),
(160, 63),
(167, 63),
(174, 63),
(181, 63),
(188, 63),
(195, 63),
(202, 63),
(209, 63),
(216, 63),
(223, 63),
(230, 63),
(237, 63),
(244, 63),
(251, 63),
(258, 63),
(265, 63),
(272, 63),
(279, 63),
(286, 63),
(293, 63),
(300, 63),
(307, 63),
(314, 63),
(321, 63),
(328, 63),
(335, 63),
(342, 63),
(349, 63),
(356, 63),
(363, 63),
(370, 63),
(377, 63),
(6, 64),
(13, 64),
(20, 64),
(27, 64),
(34, 64),
(41, 64),
(48, 64),
(55, 64),
(62, 64),
(69, 64),
(76, 64),
(83, 64),
(90, 64),
(97, 64),
(104, 64),
(111, 64),
(118, 64),
(125, 64),
(132, 64),
(139, 64),
(146, 64),
(153, 64),
(160, 64),
(167, 64),
(174, 64),
(181, 64),
(188, 64),
(195, 64),
(202, 64),
(209, 64),
(216, 64),
(223, 64),
(230, 64),
(237, 64),
(244, 64),
(251, 64),
(258, 64),
(265, 64),
(272, 64),
(279, 64),
(286, 64),
(293, 64),
(300, 64),
(307, 64),
(314, 64),
(321, 64),
(328, 64),
(335, 64),
(342, 64),
(349, 64),
(356, 64),
(363, 64),
(370, 64),
(377, 64),
(6, 65),
(13, 65),
(20, 65),
(27, 65),
(34, 65),
(41, 65),
(48, 65),
(55, 65),
(62, 65),
(69, 65),
(76, 65),
(83, 65),
(90, 65),
(97, 65),
(104, 65),
(111, 65),
(118, 65),
(125, 65),
(132, 65),
(139, 65),
(146, 65),
(153, 65),
(160, 65),
(167, 65),
(174, 65),
(181, 65),
(188, 65),
(195, 65),
(202, 65),
(209, 65),
(216, 65),
(223, 65),
(230, 65),
(237, 65),
(244, 65),
(251, 65),
(258, 65),
(265, 65),
(272, 65),
(279, 65),
(286, 65),
(293, 65),
(300, 65),
(307, 65),
(314, 65),
(321, 65),
(328, 65),
(335, 65),
(342, 65),
(349, 65),
(356, 65),
(363, 65),
(370, 65),
(377, 65),
(6, 66),
(13, 66),
(20, 66),
(27, 66),
(34, 66),
(41, 66),
(48, 66),
(55, 66),
(62, 66),
(69, 66),
(76, 66),
(83, 66),
(90, 66),
(97, 66),
(104, 66),
(111, 66),
(118, 66),
(125, 66),
(132, 66),
(139, 66),
(146, 66),
(153, 66),
(160, 66),
(167, 66),
(174, 66),
(181, 66),
(188, 66),
(195, 66),
(202, 66),
(209, 66),
(216, 66),
(223, 66),
(230, 66),
(237, 66),
(244, 66),
(251, 66),
(258, 66),
(265, 66),
(272, 66),
(279, 66),
(286, 66),
(293, 66),
(300, 66),
(307, 66),
(314, 66),
(321, 66),
(328, 66),
(335, 66),
(342, 66),
(349, 66),
(356, 66),
(363, 66),
(370, 66),
(377, 66),
(6, 67),
(13, 67),
(20, 67),
(27, 67),
(34, 67),
(41, 67),
(48, 67),
(55, 67),
(62, 67),
(69, 67),
(76, 67),
(83, 67),
(90, 67),
(97, 67),
(104, 67),
(111, 67),
(118, 67),
(125, 67),
(132, 67),
(139, 67),
(146, 67),
(153, 67),
(160, 67),
(167, 67),
(174, 67),
(181, 67),
(188, 67),
(195, 67),
(202, 67),
(209, 67),
(216, 67),
(223, 67),
(230, 67),
(237, 67),
(244, 67),
(251, 67),
(258, 67),
(265, 67),
(272, 67),
(279, 67),
(286, 67),
(293, 67),
(300, 67),
(307, 67),
(314, 67),
(321, 67),
(328, 67),
(335, 67),
(342, 67),
(349, 67),
(356, 67),
(363, 67),
(370, 67),
(377, 67),
(6, 68),
(13, 68),
(20, 68),
(27, 68),
(34, 68),
(41, 68),
(48, 68),
(55, 68),
(62, 68),
(69, 68),
(76, 68),
(83, 68),
(90, 68),
(97, 68),
(104, 68),
(111, 68),
(118, 68),
(125, 68),
(132, 68),
(139, 68),
(146, 68),
(153, 68),
(160, 68),
(167, 68),
(174, 68),
(181, 68),
(188, 68),
(195, 68),
(202, 68),
(209, 68),
(216, 68),
(223, 68),
(230, 68),
(237, 68),
(244, 68),
(251, 68),
(258, 68),
(265, 68),
(272, 68),
(279, 68),
(286, 68),
(293, 68),
(300, 68),
(307, 68),
(314, 68),
(321, 68),
(328, 68),
(335, 68),
(342, 68),
(349, 68),
(356, 68),
(363, 68),
(370, 68),
(377, 68),
(6, 69),
(13, 69),
(20, 69),
(27, 69),
(34, 69),
(41, 69),
(48, 69),
(55, 69),
(62, 69),
(69, 69),
(76, 69),
(83, 69),
(90, 69),
(97, 69),
(104, 69),
(111, 69),
(118, 69),
(125, 69),
(132, 69),
(139, 69),
(146, 69),
(153, 69),
(160, 69),
(167, 69),
(174, 69),
(181, 69),
(188, 69),
(195, 69),
(202, 69),
(209, 69),
(216, 69),
(223, 69),
(230, 69),
(237, 69),
(244, 69),
(251, 69),
(258, 69),
(265, 69),
(272, 69),
(279, 69),
(286, 69),
(293, 69),
(300, 69),
(307, 69),
(314, 69),
(321, 69),
(328, 69),
(335, 69),
(342, 69),
(349, 69),
(356, 69),
(363, 69),
(370, 69),
(377, 69),
(6, 70),
(13, 70),
(20, 70),
(27, 70),
(34, 70),
(41, 70),
(48, 70),
(55, 70),
(62, 70),
(69, 70),
(76, 70),
(83, 70),
(90, 70),
(97, 70),
(104, 70),
(111, 70),
(118, 70),
(125, 70),
(132, 70),
(139, 70),
(146, 70),
(153, 70),
(160, 70),
(167, 70),
(174, 70),
(181, 70),
(188, 70),
(195, 70),
(202, 70),
(209, 70),
(216, 70),
(223, 70),
(230, 70),
(237, 70),
(244, 70),
(251, 70),
(258, 70),
(265, 70),
(272, 70),
(279, 70),
(286, 70),
(293, 70),
(300, 70),
(307, 70),
(314, 70),
(321, 70),
(328, 70),
(335, 70),
(342, 70),
(349, 70),
(356, 70),
(363, 70),
(370, 70),
(377, 70),
(6, 71),
(13, 71),
(20, 71),
(27, 71),
(34, 71),
(41, 71),
(48, 71),
(55, 71),
(62, 71),
(69, 71),
(76, 71),
(83, 71),
(90, 71),
(97, 71),
(104, 71),
(111, 71),
(118, 71),
(125, 71),
(132, 71),
(139, 71),
(146, 71),
(153, 71),
(160, 71),
(167, 71),
(174, 71),
(181, 71),
(188, 71),
(195, 71),
(202, 71),
(209, 71),
(216, 71),
(223, 71),
(230, 71),
(237, 71),
(244, 71),
(251, 71),
(258, 71),
(265, 71),
(272, 71),
(279, 71),
(286, 71),
(293, 71),
(300, 71),
(307, 71),
(314, 71),
(321, 71),
(328, 71),
(335, 71),
(342, 71),
(349, 71),
(356, 71),
(363, 71),
(370, 71),
(377, 71),
(6, 72),
(13, 72),
(20, 72),
(27, 72),
(34, 72),
(41, 72),
(48, 72),
(55, 72),
(62, 72),
(69, 72),
(76, 72),
(83, 72),
(90, 72),
(97, 72),
(104, 72),
(111, 72),
(118, 72),
(125, 72),
(132, 72),
(139, 72),
(146, 72),
(153, 72),
(160, 72),
(167, 72),
(174, 72),
(181, 72),
(188, 72),
(195, 72),
(202, 72),
(209, 72),
(216, 72),
(223, 72),
(230, 72),
(237, 72),
(244, 72),
(251, 72),
(258, 72),
(265, 72),
(272, 72),
(279, 72),
(286, 72),
(293, 72),
(300, 72),
(307, 72),
(314, 72),
(321, 72),
(328, 72),
(335, 72),
(342, 72),
(349, 72),
(356, 72),
(363, 72),
(370, 72),
(377, 72),
(7, 73),
(14, 73),
(21, 73),
(28, 73),
(35, 73),
(42, 73),
(49, 73),
(56, 73),
(63, 73),
(70, 73),
(77, 73),
(84, 73),
(91, 73),
(98, 73),
(105, 73),
(112, 73),
(119, 73),
(126, 73),
(133, 73),
(140, 73),
(147, 73),
(154, 73),
(161, 73),
(168, 73),
(175, 73),
(182, 73),
(189, 73),
(196, 73),
(203, 73),
(210, 73),
(217, 73),
(224, 73),
(231, 73),
(238, 73),
(245, 73),
(252, 73),
(259, 73),
(266, 73),
(273, 73),
(280, 73),
(287, 73),
(294, 73),
(301, 73),
(308, 73),
(315, 73),
(322, 73),
(329, 73),
(336, 73),
(343, 73),
(350, 73),
(357, 73),
(364, 73),
(371, 73),
(378, 73),
(7, 74),
(14, 74),
(21, 74),
(28, 74),
(35, 74),
(42, 74),
(49, 74),
(56, 74),
(63, 74),
(70, 74),
(77, 74),
(84, 74),
(91, 74),
(98, 74),
(105, 74),
(112, 74),
(119, 74),
(126, 74),
(133, 74),
(140, 74),
(147, 74),
(154, 74),
(161, 74),
(168, 74),
(175, 74),
(182, 74),
(189, 74),
(196, 74),
(203, 74),
(210, 74),
(217, 74),
(224, 74),
(231, 74),
(238, 74),
(245, 74),
(252, 74),
(259, 74),
(266, 74),
(273, 74),
(280, 74),
(287, 74),
(294, 74),
(301, 74),
(308, 74),
(315, 74),
(322, 74),
(329, 74),
(336, 74),
(343, 74),
(350, 74),
(357, 74),
(364, 74),
(371, 74),
(378, 74),
(7, 75),
(14, 75),
(21, 75),
(28, 75),
(35, 75),
(42, 75),
(49, 75),
(56, 75),
(63, 75),
(70, 75),
(77, 75),
(84, 75),
(91, 75),
(98, 75),
(105, 75),
(112, 75),
(119, 75),
(126, 75),
(133, 75),
(140, 75),
(147, 75),
(154, 75),
(161, 75),
(168, 75),
(175, 75),
(182, 75),
(189, 75),
(196, 75),
(203, 75),
(210, 75),
(217, 75),
(224, 75),
(231, 75),
(238, 75),
(245, 75),
(252, 75),
(259, 75),
(266, 75),
(273, 75),
(280, 75),
(287, 75),
(294, 75),
(301, 75),
(308, 75),
(315, 75),
(322, 75),
(329, 75),
(336, 75),
(343, 75),
(350, 75),
(357, 75),
(364, 75),
(371, 75),
(378, 75),
(7, 76),
(14, 76),
(21, 76),
(28, 76),
(35, 76),
(42, 76),
(49, 76),
(56, 76),
(63, 76),
(70, 76),
(77, 76),
(84, 76),
(91, 76),
(98, 76),
(105, 76),
(112, 76),
(119, 76),
(126, 76),
(133, 76),
(140, 76),
(147, 76),
(154, 76),
(161, 76),
(168, 76),
(175, 76),
(182, 76),
(189, 76),
(196, 76),
(203, 76),
(210, 76),
(217, 76),
(224, 76),
(231, 76),
(238, 76),
(245, 76),
(252, 76),
(259, 76),
(266, 76),
(273, 76),
(280, 76),
(287, 76),
(294, 76),
(301, 76),
(308, 76),
(315, 76),
(322, 76),
(329, 76),
(336, 76),
(343, 76),
(350, 76),
(357, 76),
(364, 76),
(371, 76),
(378, 76),
(7, 77),
(14, 77),
(21, 77),
(28, 77),
(35, 77),
(42, 77),
(49, 77),
(56, 77),
(63, 77),
(70, 77),
(77, 77),
(84, 77),
(91, 77),
(98, 77),
(105, 77),
(112, 77),
(119, 77),
(126, 77),
(133, 77),
(140, 77),
(147, 77),
(154, 77),
(161, 77),
(168, 77),
(175, 77),
(182, 77),
(189, 77),
(196, 77),
(203, 77),
(210, 77),
(217, 77),
(224, 77),
(231, 77),
(238, 77),
(245, 77),
(252, 77),
(259, 77),
(266, 77),
(273, 77),
(280, 77),
(287, 77),
(294, 77),
(301, 77),
(308, 77),
(315, 77),
(322, 77),
(329, 77),
(336, 77),
(343, 77),
(350, 77),
(357, 77),
(364, 77),
(371, 77),
(378, 77),
(7, 78),
(14, 78),
(21, 78),
(28, 78),
(35, 78),
(42, 78),
(49, 78),
(56, 78),
(63, 78),
(70, 78),
(77, 78),
(84, 78),
(91, 78),
(98, 78),
(105, 78),
(112, 78),
(119, 78),
(126, 78),
(133, 78),
(140, 78),
(147, 78),
(154, 78),
(161, 78),
(168, 78),
(175, 78),
(182, 78),
(189, 78),
(196, 78),
(203, 78),
(210, 78),
(217, 78),
(224, 78),
(231, 78),
(238, 78),
(245, 78),
(252, 78),
(259, 78),
(266, 78),
(273, 78),
(280, 78),
(287, 78),
(294, 78),
(301, 78),
(308, 78),
(315, 78),
(322, 78),
(329, 78),
(336, 78),
(343, 78),
(350, 78),
(357, 78),
(364, 78),
(371, 78),
(378, 78),
(7, 79),
(14, 79),
(21, 79),
(28, 79),
(35, 79),
(42, 79),
(49, 79),
(56, 79),
(63, 79),
(70, 79),
(77, 79),
(84, 79),
(91, 79),
(98, 79),
(105, 79),
(112, 79),
(119, 79),
(126, 79),
(133, 79),
(140, 79),
(147, 79),
(154, 79),
(161, 79),
(168, 79),
(175, 79),
(182, 79),
(189, 79),
(196, 79),
(203, 79),
(210, 79),
(217, 79),
(224, 79),
(231, 79),
(238, 79),
(245, 79),
(252, 79),
(259, 79),
(266, 79),
(273, 79),
(280, 79),
(287, 79),
(294, 79),
(301, 79),
(308, 79),
(315, 79),
(322, 79),
(329, 79),
(336, 79),
(343, 79),
(350, 79),
(357, 79),
(364, 79),
(371, 79),
(378, 79),
(7, 80),
(14, 80),
(21, 80),
(28, 80),
(35, 80),
(42, 80),
(49, 80),
(56, 80),
(63, 80),
(70, 80),
(77, 80),
(84, 80),
(91, 80),
(98, 80),
(105, 80),
(112, 80),
(119, 80),
(126, 80),
(133, 80),
(140, 80),
(147, 80),
(154, 80),
(161, 80),
(168, 80),
(175, 80),
(182, 80),
(189, 80),
(196, 80),
(203, 80),
(210, 80),
(217, 80),
(224, 80),
(231, 80),
(238, 80),
(245, 80),
(252, 80),
(259, 80),
(266, 80),
(273, 80),
(280, 80),
(287, 80),
(294, 80),
(301, 80),
(308, 80),
(315, 80),
(322, 80),
(329, 80),
(336, 80),
(343, 80),
(350, 80),
(357, 80),
(364, 80),
(371, 80),
(378, 80),
(7, 81),
(14, 81),
(21, 81),
(28, 81),
(35, 81),
(42, 81),
(49, 81),
(56, 81),
(63, 81),
(70, 81),
(77, 81),
(84, 81),
(91, 81),
(98, 81),
(105, 81),
(112, 81),
(119, 81),
(126, 81),
(133, 81),
(140, 81),
(147, 81),
(154, 81),
(161, 81),
(168, 81),
(175, 81),
(182, 81),
(189, 81),
(196, 81),
(203, 81),
(210, 81),
(217, 81),
(224, 81),
(231, 81),
(238, 81),
(245, 81),
(252, 81),
(259, 81),
(266, 81),
(273, 81),
(280, 81),
(287, 81),
(294, 81),
(301, 81),
(308, 81),
(315, 81),
(322, 81),
(329, 81),
(336, 81),
(343, 81),
(350, 81),
(357, 81),
(364, 81),
(371, 81),
(378, 81),
(7, 82),
(14, 82),
(21, 82),
(28, 82),
(35, 82),
(42, 82),
(49, 82),
(56, 82),
(63, 82),
(70, 82),
(77, 82),
(84, 82),
(91, 82),
(98, 82),
(105, 82),
(112, 82),
(119, 82),
(126, 82),
(133, 82),
(140, 82),
(147, 82),
(154, 82),
(161, 82),
(168, 82),
(175, 82),
(182, 82),
(189, 82),
(196, 82),
(203, 82),
(210, 82),
(217, 82),
(224, 82),
(231, 82),
(238, 82),
(245, 82),
(252, 82),
(259, 82),
(266, 82),
(273, 82),
(280, 82),
(287, 82),
(294, 82),
(301, 82),
(308, 82),
(315, 82),
(322, 82),
(329, 82),
(336, 82),
(343, 82),
(350, 82),
(357, 82),
(364, 82),
(371, 82),
(378, 82),
(7, 83),
(14, 83),
(21, 83),
(28, 83),
(35, 83),
(42, 83),
(49, 83),
(56, 83),
(63, 83),
(70, 83),
(77, 83),
(84, 83),
(91, 83),
(98, 83),
(105, 83),
(112, 83),
(119, 83),
(126, 83),
(133, 83),
(140, 83),
(147, 83),
(154, 83),
(161, 83),
(168, 83),
(175, 83),
(182, 83),
(189, 83),
(196, 83),
(203, 83),
(210, 83),
(217, 83),
(224, 83),
(231, 83),
(238, 83),
(245, 83),
(252, 83),
(259, 83),
(266, 83),
(273, 83),
(280, 83),
(287, 83),
(294, 83),
(301, 83),
(308, 83),
(315, 83),
(322, 83),
(329, 83),
(336, 83),
(343, 83),
(350, 83),
(357, 83),
(364, 83),
(371, 83),
(378, 83),
(7, 84),
(14, 84),
(21, 84),
(28, 84),
(35, 84),
(42, 84),
(49, 84),
(56, 84),
(63, 84),
(70, 84),
(77, 84),
(84, 84),
(91, 84),
(98, 84),
(105, 84),
(112, 84),
(119, 84),
(126, 84),
(133, 84),
(140, 84),
(147, 84),
(154, 84),
(161, 84),
(168, 84),
(175, 84),
(182, 84),
(189, 84),
(196, 84),
(203, 84),
(210, 84),
(217, 84),
(224, 84),
(231, 84),
(238, 84),
(245, 84),
(252, 84),
(259, 84),
(266, 84),
(273, 84),
(280, 84),
(287, 84),
(294, 84),
(301, 84),
(308, 84),
(315, 84),
(322, 84),
(329, 84),
(336, 84),
(343, 84),
(350, 84),
(357, 84),
(364, 84),
(371, 84),
(378, 84);

--
-- Chỉ mục cho các bảng đã đổ
--

--
-- Chỉ mục cho bảng `comments`
--
ALTER TABLE `comments`
  ADD PRIMARY KEY (`id`),
  ADD KEY `id_user_topic` (`id_user_topic`);

--
-- Chỉ mục cho bảng `context`
--
ALTER TABLE `context`
  ADD PRIMARY KEY (`id`),
  ADD KEY `id_sentence` (`id_sentence`);

--
-- Chỉ mục cho bảng `course`
--
ALTER TABLE `course`
  ADD PRIMARY KEY (`id`),
  ADD KEY `id_group` (`id_group`),
  ADD KEY `id_category` (`id_category`);

--
-- Chỉ mục cho bảng `course_category`
--
ALTER TABLE `course_category`
  ADD PRIMARY KEY (`id`),
  ADD UNIQUE KEY `title` (`title`);

--
-- Chỉ mục cho bảng `course_group`
--
ALTER TABLE `course_group`
  ADD PRIMARY KEY (`id`),
  ADD UNIQUE KEY `title` (`title`),
  ADD UNIQUE KEY `title_2` (`title`);

--
-- Chỉ mục cho bảng `course_level`
--
ALTER TABLE `course_level`
  ADD PRIMARY KEY (`id_course`,`id_level`),
  ADD KEY `FK7o1lu0tudaqfmkmaomaxkxa2a` (`id_level`);

--
-- Chỉ mục cho bảng `levels`
--
ALTER TABLE `levels`
  ADD PRIMARY KEY (`id`),
  ADD UNIQUE KEY `title` (`title`);

--
-- Chỉ mục cho bảng `orders`
--
ALTER TABLE `orders`
  ADD PRIMARY KEY (`id`),
  ADD KEY `id_user` (`id_user`),
  ADD KEY `id_package` (`id_package`);

--
-- Chỉ mục cho bảng `package`
--
ALTER TABLE `package`
  ADD PRIMARY KEY (`id`);

--
-- Chỉ mục cho bảng `roles`
--
ALTER TABLE `roles`
  ADD PRIMARY KEY (`id`),
  ADD UNIQUE KEY `role` (`name`);

--
-- Chỉ mục cho bảng `sentence`
--
ALTER TABLE `sentence`
  ADD PRIMARY KEY (`id`);

--
-- Chỉ mục cho bảng `sentence_topic`
--
ALTER TABLE `sentence_topic`
  ADD PRIMARY KEY (`id_topic`,`id_sentence`),
  ADD KEY `id_sentence` (`id_sentence`);

--
-- Chỉ mục cho bảng `SPRING_SESSION`
--
ALTER TABLE `SPRING_SESSION`
  ADD PRIMARY KEY (`PRIMARY_ID`),
  ADD UNIQUE KEY `SPRING_SESSION_IX1` (`SESSION_ID`),
  ADD KEY `SPRING_SESSION_IX2` (`EXPIRY_TIME`),
  ADD KEY `SPRING_SESSION_IX3` (`PRINCIPAL_NAME`);

--
-- Chỉ mục cho bảng `SPRING_SESSION_ATTRIBUTES`
--
ALTER TABLE `SPRING_SESSION_ATTRIBUTES`
  ADD PRIMARY KEY (`SESSION_PRIMARY_ID`,`ATTRIBUTE_NAME`);

--
-- Chỉ mục cho bảng `topic`
--
ALTER TABLE `topic`
  ADD PRIMARY KEY (`id`),
  ADD KEY `id_course` (`id_course`);

--
-- Chỉ mục cho bảng `topic_discuss`
--
ALTER TABLE `topic_discuss`
  ADD PRIMARY KEY (`id`),
  ADD KEY `id_user` (`id_user`),
  ADD KEY `id_topic` (`id_topic`);

--
-- Chỉ mục cho bảng `users`
--
ALTER TABLE `users`
  ADD PRIMARY KEY (`id`);

--
-- Chỉ mục cho bảng `user_course`
--
ALTER TABLE `user_course`
  ADD PRIMARY KEY (`id`),
  ADD KEY `id_user` (`id_user`),
  ADD KEY `id_course` (`id_course`);

--
-- Chỉ mục cho bảng `user_course_game`
--
ALTER TABLE `user_course_game`
  ADD PRIMARY KEY (`id`),
  ADD KEY `id_user_course` (`id_user_course`);

--
-- Chỉ mục cho bảng `user_role`
--
ALTER TABLE `user_role`
  ADD PRIMARY KEY (`id`),
  ADD KEY `id_user` (`id_user`),
  ADD KEY `id_package` (`id_package`),
  ADD KEY `id_role` (`id_role`);

--
-- Chỉ mục cho bảng `user_topic`
--
ALTER TABLE `user_topic`
  ADD PRIMARY KEY (`id`),
  ADD KEY `id_user_course` (`id_user_course`),
  ADD KEY `id_topic` (`id_topic`);

--
-- Chỉ mục cho bảng `user_topic_record`
--
ALTER TABLE `user_topic_record`
  ADD PRIMARY KEY (`id`),
  ADD KEY `id_user_topic` (`id_user_topic`);

--
-- Chỉ mục cho bảng `user_topic_sentence`
--
ALTER TABLE `user_topic_sentence`
  ADD PRIMARY KEY (`id`),
  ADD KEY `id_user_topic` (`id_user_topic`);

--
-- Chỉ mục cho bảng `user_topic_vocab`
--
ALTER TABLE `user_topic_vocab`
  ADD PRIMARY KEY (`id`),
  ADD KEY `id_user_topic` (`id_user_topic`),
  ADD KEY `id_vocab` (`id_vocab`);

--
-- Chỉ mục cho bảng `vocab`
--
ALTER TABLE `vocab`
  ADD PRIMARY KEY (`id`);

--
-- Chỉ mục cho bảng `vocab_topic`
--
ALTER TABLE `vocab_topic`
  ADD PRIMARY KEY (`id_topic`,`id_vocab`),
  ADD KEY `id_vocab` (`id_vocab`);

--
-- AUTO_INCREMENT cho các bảng đã đổ
--

--
-- AUTO_INCREMENT cho bảng `comments`
--
ALTER TABLE `comments`
  MODIFY `id` bigint NOT NULL AUTO_INCREMENT, AUTO_INCREMENT=519;

--
-- AUTO_INCREMENT cho bảng `context`
--
ALTER TABLE `context`
  MODIFY `id` bigint NOT NULL AUTO_INCREMENT, AUTO_INCREMENT=46;

--
-- AUTO_INCREMENT cho bảng `course`
--
ALTER TABLE `course`
  MODIFY `id` int NOT NULL AUTO_INCREMENT, AUTO_INCREMENT=75;

--
-- AUTO_INCREMENT cho bảng `course_category`
--
ALTER TABLE `course_category`
  MODIFY `id` int NOT NULL AUTO_INCREMENT, AUTO_INCREMENT=3;

--
-- AUTO_INCREMENT cho bảng `course_group`
--
ALTER TABLE `course_group`
  MODIFY `id` int NOT NULL AUTO_INCREMENT, AUTO_INCREMENT=13;

--
-- AUTO_INCREMENT cho bảng `levels`
--
ALTER TABLE `levels`
  MODIFY `id` int NOT NULL AUTO_INCREMENT, AUTO_INCREMENT=8;

--
-- AUTO_INCREMENT cho bảng `orders`
--
ALTER TABLE `orders`
  MODIFY `id` int NOT NULL AUTO_INCREMENT, AUTO_INCREMENT=27;

--
-- AUTO_INCREMENT cho bảng `package`
--
ALTER TABLE `package`
  MODIFY `id` int NOT NULL AUTO_INCREMENT, AUTO_INCREMENT=4;

--
-- AUTO_INCREMENT cho bảng `roles`
--
ALTER TABLE `roles`
  MODIFY `id` int NOT NULL AUTO_INCREMENT, AUTO_INCREMENT=8;

--
-- AUTO_INCREMENT cho bảng `sentence`
--
ALTER TABLE `sentence`
  MODIFY `id` int NOT NULL AUTO_INCREMENT, AUTO_INCREMENT=21;

--
-- AUTO_INCREMENT cho bảng `topic`
--
ALTER TABLE `topic`
  MODIFY `id` int NOT NULL AUTO_INCREMENT, AUTO_INCREMENT=456;

--
-- AUTO_INCREMENT cho bảng `topic_discuss`
--
ALTER TABLE `topic_discuss`
  MODIFY `id` bigint NOT NULL AUTO_INCREMENT;

--
-- AUTO_INCREMENT cho bảng `user_course`
--
ALTER TABLE `user_course`
  MODIFY `id` bigint NOT NULL AUTO_INCREMENT, AUTO_INCREMENT=37;

--
-- AUTO_INCREMENT cho bảng `user_course_game`
--
ALTER TABLE `user_course_game`
  MODIFY `id` int NOT NULL AUTO_INCREMENT;

--
-- AUTO_INCREMENT cho bảng `user_role`
--
ALTER TABLE `user_role`
  MODIFY `id` int NOT NULL AUTO_INCREMENT, AUTO_INCREMENT=24;

--
-- AUTO_INCREMENT cho bảng `user_topic`
--
ALTER TABLE `user_topic`
  MODIFY `id` bigint NOT NULL AUTO_INCREMENT, AUTO_INCREMENT=37;

--
-- AUTO_INCREMENT cho bảng `user_topic_record`
--
ALTER TABLE `user_topic_record`
  MODIFY `id` bigint NOT NULL AUTO_INCREMENT, AUTO_INCREMENT=52;

--
-- AUTO_INCREMENT cho bảng `user_topic_sentence`
--
ALTER TABLE `user_topic_sentence`
  MODIFY `id` bigint NOT NULL AUTO_INCREMENT, AUTO_INCREMENT=46;

--
-- AUTO_INCREMENT cho bảng `user_topic_vocab`
--
ALTER TABLE `user_topic_vocab`
  MODIFY `id` bigint NOT NULL AUTO_INCREMENT, AUTO_INCREMENT=334;

--
-- AUTO_INCREMENT cho bảng `vocab`
--
ALTER TABLE `vocab`
  MODIFY `id` int NOT NULL AUTO_INCREMENT, AUTO_INCREMENT=87;

--
-- Các ràng buộc cho các bảng đã đổ
--

--
-- Các ràng buộc cho bảng `comments`
--
ALTER TABLE `comments`
  ADD CONSTRAINT `comments_ibfk_1` FOREIGN KEY (`id_user_topic`) REFERENCES `user_topic` (`id`) ON DELETE RESTRICT ON UPDATE RESTRICT;

--
-- Các ràng buộc cho bảng `context`
--
ALTER TABLE `context`
  ADD CONSTRAINT `context_ibfk_1` FOREIGN KEY (`id_sentence`) REFERENCES `sentence` (`id`);

--
-- Các ràng buộc cho bảng `course`
--
ALTER TABLE `course`
  ADD CONSTRAINT `course_ibfk_1` FOREIGN KEY (`id_group`) REFERENCES `course_group` (`id`),
  ADD CONSTRAINT `course_ibfk_2` FOREIGN KEY (`id_category`) REFERENCES `course_category` (`id`);

--
-- Các ràng buộc cho bảng `course_level`
--
ALTER TABLE `course_level`
  ADD CONSTRAINT `course_level_ibfk_1` FOREIGN KEY (`id_course`) REFERENCES `course` (`id`),
  ADD CONSTRAINT `course_level_ibfk_2` FOREIGN KEY (`id_level`) REFERENCES `levels` (`id`);

--
-- Các ràng buộc cho bảng `orders`
--
ALTER TABLE `orders`
  ADD CONSTRAINT `orders_ibfk_2` FOREIGN KEY (`id_package`) REFERENCES `package` (`id`) ON DELETE RESTRICT,
  ADD CONSTRAINT `orders_ibfk_3` FOREIGN KEY (`id_user`) REFERENCES `users` (`id`) ON DELETE RESTRICT ON UPDATE RESTRICT;

--
-- Các ràng buộc cho bảng `sentence_topic`
--
ALTER TABLE `sentence_topic`
  ADD CONSTRAINT `sentence_topic_ibfk_1` FOREIGN KEY (`id_topic`) REFERENCES `topic` (`id`),
  ADD CONSTRAINT `sentence_topic_ibfk_2` FOREIGN KEY (`id_sentence`) REFERENCES `sentence` (`id`);

--
-- Các ràng buộc cho bảng `SPRING_SESSION_ATTRIBUTES`
--
ALTER TABLE `SPRING_SESSION_ATTRIBUTES`
  ADD CONSTRAINT `SPRING_SESSION_ATTRIBUTES_FK` FOREIGN KEY (`SESSION_PRIMARY_ID`) REFERENCES `SPRING_SESSION` (`PRIMARY_ID`) ON DELETE CASCADE;

--
-- Các ràng buộc cho bảng `topic`
--
ALTER TABLE `topic`
  ADD CONSTRAINT `FKr8cmb2mo7fdpbop9ubebyri8f` FOREIGN KEY (`id_course`) REFERENCES `course` (`id`),
  ADD CONSTRAINT `topic_ibfk_1` FOREIGN KEY (`id_course`) REFERENCES `course` (`id`);

--
-- Các ràng buộc cho bảng `topic_discuss`
--
ALTER TABLE `topic_discuss`
  ADD CONSTRAINT `topic_discuss_ibfk_2` FOREIGN KEY (`id_topic`) REFERENCES `topic` (`id`),
  ADD CONSTRAINT `topic_discuss_ibfk_3` FOREIGN KEY (`id_user`) REFERENCES `users` (`id`) ON DELETE RESTRICT ON UPDATE RESTRICT;

--
-- Các ràng buộc cho bảng `user_course`
--
ALTER TABLE `user_course`
  ADD CONSTRAINT `user_course_ibfk_2` FOREIGN KEY (`id_course`) REFERENCES `course` (`id`),
  ADD CONSTRAINT `user_course_ibfk_3` FOREIGN KEY (`id_user`) REFERENCES `users` (`id`) ON DELETE RESTRICT ON UPDATE RESTRICT;

--
-- Các ràng buộc cho bảng `user_course_game`
--
ALTER TABLE `user_course_game`
  ADD CONSTRAINT `user_course_game_ibfk_1` FOREIGN KEY (`id_user_course`) REFERENCES `user_course` (`id`);

--
-- Các ràng buộc cho bảng `user_role`
--
ALTER TABLE `user_role`
  ADD CONSTRAINT `user_role_ibfk_3` FOREIGN KEY (`id_package`) REFERENCES `package` (`id`),
  ADD CONSTRAINT `user_role_ibfk_4` FOREIGN KEY (`id_user`) REFERENCES `users` (`id`) ON DELETE RESTRICT ON UPDATE RESTRICT,
  ADD CONSTRAINT `user_role_ibfk_5` FOREIGN KEY (`id_role`) REFERENCES `roles` (`id`) ON DELETE RESTRICT ON UPDATE RESTRICT;

--
-- Các ràng buộc cho bảng `user_topic`
--
ALTER TABLE `user_topic`
  ADD CONSTRAINT `user_topic_ibfk_1` FOREIGN KEY (`id_user_course`) REFERENCES `user_course` (`id`),
  ADD CONSTRAINT `user_topic_ibfk_2` FOREIGN KEY (`id_topic`) REFERENCES `topic` (`id`);

--
-- Các ràng buộc cho bảng `user_topic_record`
--
ALTER TABLE `user_topic_record`
  ADD CONSTRAINT `user_topic_record_ibfk_1` FOREIGN KEY (`id_user_topic`) REFERENCES `user_topic` (`id`);

--
-- Các ràng buộc cho bảng `user_topic_sentence`
--
ALTER TABLE `user_topic_sentence`
  ADD CONSTRAINT `user_topic_sentence_ibfk_1` FOREIGN KEY (`id_user_topic`) REFERENCES `user_topic` (`id`);

--
-- Các ràng buộc cho bảng `user_topic_vocab`
--
ALTER TABLE `user_topic_vocab`
  ADD CONSTRAINT `user_topic_vocab_ibfk_1` FOREIGN KEY (`id_user_topic`) REFERENCES `user_topic` (`id`),
  ADD CONSTRAINT `user_topic_vocab_ibfk_2` FOREIGN KEY (`id_vocab`) REFERENCES `vocab` (`id`);

--
-- Các ràng buộc cho bảng `vocab_topic`
--
ALTER TABLE `vocab_topic`
  ADD CONSTRAINT `vocab_topic_ibfk_1` FOREIGN KEY (`id_topic`) REFERENCES `topic` (`id`),
  ADD CONSTRAINT `vocab_topic_ibfk_2` FOREIGN KEY (`id_vocab`) REFERENCES `vocab` (`id`);
COMMIT;

/*!40101 SET CHARACTER_SET_CLIENT=@OLD_CHARACTER_SET_CLIENT */;
/*!40101 SET CHARACTER_SET_RESULTS=@OLD_CHARACTER_SET_RESULTS */;
/*!40101 SET COLLATION_CONNECTION=@OLD_COLLATION_CONNECTION */;
